{"stats":{"minecraft:mined":{"farmersdelight:wild_carrots":4,"minecraft:jungle_leaves":7,"minecraft:obsidian":11,"minecraft:grass_block":4,"minecraft:jungle_log":4,"minecraft:spawner":16,"minecraft:fire":1,"minecraft:nether_brick_stairs":1,"minecraft:bookshelf":1,"farmersdelight:rope":1,"croptopia:apple_crop":2,"minecraft:vine":1,"minecraft:iron_bars":2,"minecraft:bamboo":1,"minecraft:stone":63,"minecraft:quartz_block":2,"minecraft:orange_terracotta":1,"croptopia:sweetpotato_crop":1,"minecraft:melon":10,"minecraft:chest":1,"minecraft:copper_ore":4,"minecraft:cobblestone":1,"minecraft:oak_planks":3,"minecraft:sugar_cane":6,"minecraft:diorite":4,"minecraft:wall_torch":1,"minecraft:birch_log":10,"minecraft:wheat":1,"minecraft:birch_leaves":6,"minecraft:grass":23,"minecraft:oak_log":14,"minecraft:cocoa":3,"minecraft:gravel":3,"minecraft:dirt":6,"minecraft:cracked_stone_bricks":1,"minecraft:netherrack":1,"minecraft:oak_leaves":16,"minecraft:fern":4},"minecraft:killed":{"minecraft:cave_spider":1,"minecraft:witch":2,"minecraft:spider":5,"monsterplus:crystal_zombie":1,"minecraft:skeleton":2,"monsterplus:glow_skeleton":1,"minecraft:pig":1,"minecraft:pillager":1,"minecraft:zombie":3},"minecraft:broken":{"minecraft:diamond_boots":1},"minecraft:custom":{"minecraft:mob_kills":17,"minecraft:inspect_hopper":1,"minecraft:interact_with_crafting_table":11,"minecraft:open_barrel":30,"minecraft:eat_cake_slice":7,"minecraft:leave_game":5,"minecraft:time_since_death":15367,"minecraft:climb_one_cm":15304,"minecraft:sprint_one_cm":352375,"minecraft:walk_one_cm":394409,"minecraft:damage_blocked_by_shield":1900,"minecraft:drop":8,"minecraft:play_time":151050,"minecraft:deaths":10,"minecraft:sneak_time":1351,"minecraft:walk_under_water_one_cm":3776,"minecraft:jump":869,"minecraft:walk_on_water_one_cm":21949,"minecraft:total_world_time":151050,"minecraft:sleep_in_bed":4,"minecraft:time_since_rest":15395,"minecraft:damage_taken":4675,"minecraft:damage_absorbed":40,"minecraft:damage_dealt":3929,"minecraft:fly_one_cm":101778,"minecraft:swim_one_cm":1696,"minecraft:player_kills":1,"minecraft:open_chest":111,"minecraft:crouch_one_cm":2955,"minecraft:interact_with_smoker":5,"minecraft:fall_one_cm":26250,"minecraft:horse_one_cm":180828},"minecraft:picked_up":{"sophisticatedbackpacks:gold_backpack":1,"minecraft:cocoa_beans":9,"minecraft:iron_chestplate":1,"minecraft:wheat":27,"minecraft:chainmail_boots":1,"minecraft:lead":2,"croptopia:sweetpotato_seed":2,"minecraft:shield":1,"minecraft:string":9,"minecraft:raw_copper":6,"minecraft:iron_leggings":1,"minecraft:cracked_stone_bricks":2,"minecraft:jungle_sapling":2,"minecraft:coal_block":1,"minecraft:melon_slice":49,"minecraft:sugar_cane":13,"minecraft:birch_sapling":2,"minecraft:iron_boots":1,"minecraft:egg":3,"minecraft:tipped_arrow":1,"minecraft:stick":7,"minecraft:torch":64,"minecraft:porkchop":7,"minecraft:diorite":4,"minecraft:carrot":4,"minecraft:redstone":7,"minecraft:quartz_block":3,"minecraft:arrow":4,"minecraft:rotten_flesh":1,"minecraft:nether_bricks":2,"minecraft:diamond_boots":1,"farmersdelight:rope":1,"minecraft:obsidian":11,"minecraft:iron_bars":6,"minecraft:cobblestone":82,"minecraft:birch_log":10,"minecraft:jungle_log":6,"minecraft:golden_leggings":1,"paraglider:spirit_orb":20,"minecraft:flint":1,"minecraft:oak_log":14,"minecraft:gunpowder":1,"minecraft:dirt":25,"minecraft:apple":3,"croptopia:sweetpotato":1,"minecraft:bow":1,"minecraft:wheat_seeds":73,"minecraft:glowstone_dust":4,"minecraft:glass_bottle":3,"minecraft:bamboo":9,"minecraft:oak_planks":7,"croptopia:dragonfruit":1,"minecraft:gravel":3,"minecraft:jungle_planks":1,"minecraft:nether_brick_stairs":6,"sophisticatedbackpacks:iron_backpack":2,"minecraft:spider_eye":5,"minecraft:deepslate":1,"croptopia:orange":34,"minecraft:iron_helmet":1,"minecraft:chainmail_helmet":1,"minecraft:bread":32,"minecraft:oak_sapling":12,"minecraft:netherrack":2},"minecraft:killed_by":{"minecraft:player":4,"minecraft:zombie":4},"minecraft:dropped":{"sophisticatedbackpacks:iron_backpack":3,"minecraft:lead":1,"croptopia:sweetpotato":1,"minecraft:apple":1,"artifacts:kitty_slippers":1,"minecraft:obsidian":11},"minecraft:used":{"minecraft:iron_bars":3,"minecraft:shield":31,"minecraft:iron_sword":10,"minecraft:netherrack":1,"minecraft:iron_chestplate":1,"minecraft:torch":22,"minecraft:dirt":3,"minecraft:nether_bricks":2,"minecraft:nether_brick_stairs":6,"farmersdelight:rope":1,"minecraft:iron_axe":113,"minecraft:iron_helmet":1,"minecraft:iron_boots":1,"minecraft:diorite":4,"minecraft:oak_planks":2,"minecraft:golden_apple":1,"croptopia:dragonfruit":1,"minecraft:white_bed":1,"croptopia:orange":2,"minecraft:diamond_pickaxe":80,"minecraft:bread":33,"minecraft:melon_slice":5,"minecraft:iron_pickaxe":30,"minecraft:deepslate":1,"minecraft:gravel":1,"minecraft:golden_leggings":1,"minecraft:coal_block":1,"minecraft:diamond_sword":3,"minecraft:cobblestone":3,"minecraft:potion":2},"minecraft:crafted":{"minecraft:oak_planks":56,"minecraft:iron_axe":1,"minecraft:crafting_table":1,"minecraft:birch_planks":40,"minecraft:bread":9,"minecraft:jungle_planks":24,"minecraft:shield":1,"minecraft:stick":4,"minecraft:iron_pickaxe":1,"minecraft:white_bed":1,"minecraft:torch":8}},"DataVersion":3465}