{"stats":{"minecraft:crafted":{"minecraft:crafting_table":1,"minecraft:wooden_pickaxe":1,"minecraft:stone_axe":1,"minecraft:bread":12,"minecraft:stick":20,"minecraft:stone_pickaxe":1,"minecraft:acacia_planks":40,"minecraft:torch":4},"minecraft:mined":{"minecraft:acacia_leaves":1,"iceandfire:silver_ore":6,"biomesoplenty:orange_sand":1,"biomesoplenty:wildflower":9,"biomesoplenty:desert_grass":4,"biomesoplenty:bush":2,"minecraft:acacia_log":14,"minecraft:grass_block":3,"minecraft:sculk_sensor":1,"iceandfire:lectern":1,"minecraft:cobblestone":2,"biomesoplenty:sprout":1,"minecraft:sculk":3,"biomesoplenty:dune_grass":1,"minecraft:grass":2,"minecraft:dirt_path":2,"minecraft:vine":2,"minecraft:sand":1,"minecraft:dirt":2,"minecraft:acacia_planks":1,"minecraft:stone":32},"minecraft:dropped":{"minecraft:glow_berries":2,"minecraft:acacia_sapling":3},"minecraft:custom":{"minecraft:mob_kills":13,"minecraft:interact_with_crafting_table":9,"minecraft:leave_game":3,"minecraft:time_since_death":72,"minecraft:sleep_in_bed":2,"minecraft:climb_one_cm":20,"minecraft:time_since_rest":103,"minecraft:sprint_one_cm":156217,"minecraft:damage_taken":5166,"minecraft:walk_one_cm":234673,"minecraft:trigger_trapped_chest":1,"minecraft:drop":5,"minecraft:damage_dealt":3257,"minecraft:swim_one_cm":4781,"minecraft:fly_one_cm":126200,"minecraft:open_chest":17,"minecraft:crouch_one_cm":4099,"minecraft:play_time":66424,"minecraft:deaths":14,"minecraft:sneak_time":1014,"minecraft:walk_under_water_one_cm":10443,"minecraft:jump":1107,"minecraft:walk_on_water_one_cm":20457,"minecraft:total_world_time":66424,"minecraft:fall_one_cm":35973},"minecraft:picked_up":{"minecraft:wheat":37,"minecraft:feather":2,"iceandfire:witherbone":1,"minecraft:glow_ink_sac":1,"minecraft:leather":12,"minecraft:dirt":7,"minecraft:string":2,"minecraft:bone":6,"minecraft:acacia_planks":1,"minecraft:wheat_seeds":83,"minecraft:beef":14,"minecraft:cooked_chicken":2,"biomesoplenty:wildflower":9,"minecraft:acacia_sapling":3,"minecraft:acacia_log":14,"iceandfire:deathworm_chitin_white":5,"minecraft:vine":1,"iceandfire:deathworm_egg_giant":1,"minecraft:arrow":5,"iceandfire:lectern":1,"minecraft:bread":46,"minecraft:glow_berries":3,"minecraft:coal":2,"biomesoplenty:orange_sand":2,"iceandfire:raw_silver":6,"minecraft:cobblestone":33},"minecraft:killed":{"spore:inf_player":1,"iceandfire:cockatrice":1,"spore:inf_villager":1,"minecraft:skeleton":3,"monsterplus:glow_skeleton":1,"minecraft:cow":6},"minecraft:used":{"minecraft:stone_pickaxe":36,"minecraft:wooden_pickaxe":10,"minecraft:torch":3,"minecraft:glow_berries":2,"minecraft:dirt":5,"minecraft:crafting_table":1,"minecraft:bread":21,"biomesoplenty:orange_sand":2,"minecraft:stone_axe":69,"minecraft:cobblestone":27,"minecraft:acacia_planks":1},"minecraft:killed_by":{"spore:inf_player":2,"minecraft:warden":2,"minecraft:player":1,"minecraft:skeleton":1,"spore:inf_vindicator":3,"iceandfire:ghost":1,"spore:inf_wanderer":1,"spore:spitter":1,"cataclysm:the_harbinger":1,"monsterplus:glow_skeleton":1}},"DataVersion":3465}