{"stats":{"minecraft:dropped":{"sophisticatedbackpacks:iron_backpack":3,"minecraft:birch_planks":1,"minecraft:porkchop":1,"minecraft:wheat_seeds":5,"minecraft:diamond":2,"immersive_aircraft:biplane":1,"minecraft:diamond_leggings":1,"immersive_aircraft:enhanced_propeller":2,"minecraft:lead":1,"croptopia:sweetpotato":1,"minecraft:apple":1,"sophisticatedbackpacks:gold_backpack":1,"mca:wedding_ring":2,"minecraft:lava_bucket":1,"minecraft:coast_armor_trim_smithing_template":2,"aquaculture:iron_hook":1,"minecraft:diamond_helmet":1,"minecraft:string":31,"immersive_aircraft:gyroscope":1,"minecraft:bucket":2,"iceandfire:armor_red_chestplate":1,"sophisticatedbackpacks:feeding_upgrade":1,"artifacts:kitty_slippers":1,"minecraft:cobbled_deepslate":1,"cwsr:ender_thunder":4,"minecraft:obsidian":11,"minecraft:oak_planks":4,"minecraft:filled_map":4,"cwsr:ender_fire":2,"immersive_aircraft:nether_engine":3,"crafting_on_a_stick:crafting_table":2,"immersive_aircraft:steel_boiler":1,"minecraft:diamond_boots":1,"cwsr:tri_ender":1,"minecraft:egg":6},"minecraft:crafted":{"minecraft:golden_carrot":2,"minecraft:jungle_fence_gate":1,"minecraft:oak_planks":60,"minecraft:furnace":1,"minecraft:iron_axe":1,"minecraft:jungle_stairs":4,"minecraft:jungle_fence":18,"minecraft:glistering_melon_slice":2,"minecraft:cooked_beef":19,"minecraft:crafting_table":2,"crafting_on_a_stick:crafting_table":2,"sophisticatedbackpacks:feeding_upgrade":2,"minecraft:birch_planks":40,"sophisticatedbackpacks:upgrade_base":2,"minecraft:bread":9,"minecraft:jungle_planks":24,"minecraft:golden_apple":2,"minecraft:shield":1,"minecraft:stick":68,"minecraft:iron_pickaxe":1,"minecraft:white_bed":1,"minecraft:torch":8,"mca:wedding_ring":2},"minecraft:mined":{"minecraft:deepslate_diamond_ore":2,"minecraft:andesite_stairs":2,"farmersdelight:wild_carrots":4,"minecraft:jungle_leaves":7,"minecraft:potted_flowering_azalea_bush":1,"minecraft:obsidian":11,"cataclysm:stone_pillar":2,"cataclysm:stone_tile_wall":2,"minecraft:grass_block":11,"cataclysm:chiseled_stone_brick_pillar":3,"minecraft:jungle_log":4,"minecraft:kelp":1,"minecraft:gilded_blackstone":1,"minecraft:spawner":16,"farmersdelight:wild_rice":2,"minecraft:cobbled_deepslate":2,"minecraft:fire":7,"minecraft:nether_brick_stairs":1,"minecraft:bookshelf":1,"croptopia:apple_crop":2,"farmersdelight:rope":10,"minecraft:vine":1,"minecraft:iron_bars":2,"minecraft:bamboo":1,"minecraft:stone":66,"minecraft:quartz_block":2,"minecraft:orange_terracotta":1,"croptopia:sweetpotato_crop":1,"minecraft:melon":10,"minecraft:chest":1,"minecraft:tall_grass":1,"minecraft:copper_ore":4,"minecraft:cobblestone":3,"minecraft:sugar_cane":6,"minecraft:oak_planks":3,"minecraft:diorite":4,"minecraft:wall_torch":1,"minecraft:birch_log":10,"minecraft:wheat":1,"minecraft:birch_leaves":6,"minecraft:jungle_fence":1,"minecraft:stone_brick_stairs":2,"minecraft:grass":38,"minecraft:oak_log":15,"minecraft:cocoa":3,"minecraft:flower_pot":1,"minecraft:gravel":4,"minecraft:dirt":6,"minecraft:cracked_stone_bricks":1,"minecraft:stone_bricks":30,"minecraft:netherrack":1,"minecraft:oak_leaves":16,"minecraft:deepslate":3,"minecraft:fern":4},"minecraft:picked_up":{"aquaculture:fishing_line":1,"sophisticatedbackpacks:gold_backpack":2,"minecraft:seagrass":2,"minecraft:cocoa_beans":9,"minecraft:iron_chestplate":1,"minecraft:wheat":27,"minecraft:chainmail_boots":1,"minecraft:flower_pot":2,"croptopia:sweetpotato_seed":2,"minecraft:lead":3,"minecraft:gilded_blackstone":1,"minecraft:stone_brick_stairs":2,"minecraft:shield":1,"minecraft:string":42,"minecraft:raw_copper":6,"immersive_aircraft:biplane":3,"minecraft:iron_leggings":1,"iceandfire:bestiary":1,"minecraft:cracked_stone_bricks":2,"minecraft:diamond_leggings":1,"minecraft:cobbled_deepslate":5,"minecraft:bucket":2,"minecraft:beef":19,"minecraft:andesite_stairs":3,"minecraft:jungle_sapling":2,"minecraft:coal_block":1,"minecraft:melon_slice":49,"minecraft:sugar_cane":13,"minecraft:birch_sapling":2,"mca:wedding_ring":1,"minecraft:egg":10,"minecraft:iron_boots":1,"minecraft:tipped_arrow":1,"minecraft:stick":7,"cwsr:tri_ender":2,"minecraft:big_dripleaf":2,"cataclysm:chiseled_stone_brick_pillar":2,"minecraft:torch":65,"aquaculture:gold_hook":1,"minecraft:porkchop":8,"iceandfire:rotten_egg":1,"minecraft:diorite":4,"minecraft:carrot":4,"minecraft:redstone":7,"aquaculture:iron_fishing_rod":1,"crafting_on_a_stick:crafting_table":1,"cwsr:ender_thunder":4,"minecraft:quartz_block":3,"minecraft:arrow":5,"minecraft:rotten_flesh":9,"minecraft:nether_bricks":2,"minecraft:diamond_boots":2,"farmersdelight:rope":9,"minecraft:blaze_rod":3,"minecraft:glow_berries":4,"minecraft:obsidian":11,"cataclysm:stone_pillar":2,"minecraft:iron_bars":6,"iceandfire:armor_red_leggings":1,"minecraft:cobblestone":83,"minecraft:birch_log":10,"minecraft:air":0,"farmersdelight:rice":2,"immersive_aircraft:nether_engine":5,"minecraft:jungle_log":6,"minecraft:leather":12,"minecraft:golden_leggings":1,"iceandfire:armor_red_chestplate":1,"minecraft:filled_map":3,"paraglider:spirit_orb":24,"minecraft:flint":1,"minecraft:oak_log":15,"minecraft:gunpowder":1,"minecraft:dirt":55,"minecraft:bone":4,"minecraft:apple":3,"minecraft:stone_bricks":29,"croptopia:sweetpotato":1,"minecraft:kelp":2,"minecraft:bow":1,"minecraft:wheat_seeds":79,"cwsr:ender_fire":2,"aquaculture:iron_hook":1,"minecraft:diamond_helmet":1,"minecraft:bamboo":9,"minecraft:glass_bottle":3,"minecraft:glowstone_dust":4,"minecraft:flowering_azalea":1,"minecraft:oak_planks":7,"cataclysm:stone_tile_wall":2,"croptopia:dragonfruit":1,"minecraft:lava_bucket":6,"minecraft:gravel":3,"minecraft:jungle_planks":1,"immersive_aircraft:gyroscope":3,"minecraft:nether_brick_stairs":6,"sophisticatedbackpacks:iron_backpack":2,"minecraft:spider_eye":6,"immersive_aircraft:enhanced_propeller":4,"cataclysm:lionfish":1,"iceandfire:armor_copper_helmet":1,"minecraft:firework_rocket":60,"minecraft:diamond":2,"minecraft:deepslate":1,"minecraft:iron_helmet":1,"croptopia:orange":34,"minecraft:golden_apple":1,"minecraft:bread":34,"minecraft:chainmail_helmet":1,"immersive_aircraft:steel_boiler":2,"minecraft:oak_sapling":12,"minecraft:netherrack":2},"minecraft:used":{"iceandfire:tide_trident":1,"cwsr:ender_thunder":40,"minecraft:iron_bars":3,"minecraft:flint_and_steel":4,"minecraft:shield":31,"minecraft:iron_sword":10,"minecraft:rotten_flesh":6,"minecraft:netherrack":1,"minecraft:iron_chestplate":1,"minecraft:torch":22,"minecraft:dirt":3,"minecraft:jungle_planks":3,"minecraft:nether_bricks":2,"minecraft:carrot":2,"minecraft:nether_brick_stairs":6,"farmersdelight:rope":38,"cwsr:tri_ender":73,"minecraft:lava_bucket":4,"aquaculture:iron_fishing_rod":1,"minecraft:jungle_fence_gate":1,"minecraft:iron_axe":113,"minecraft:iron_helmet":1,"minecraft:iron_boots":1,"minecraft:stone_brick_stairs":2,"minecraft:stone_bricks":29,"minecraft:furnace":1,"minecraft:egg":8,"minecraft:cooked_beef":19,"immersive_aircraft:biplane":1,"minecraft:cobbled_deepslate":2,"minecraft:diorite":4,"minecraft:diamond_boots":1,"minecraft:jungle_fence":18,"minecraft:baked_potato":3,"cwsr:ender_fire":10,"minecraft:oak_planks":2,"cataclysm:stone_tile_wall":2,"cataclysm:chiseled_stone_brick_pillar":2,"minecraft:golden_apple":2,"croptopia:dragonfruit":1,"minecraft:spider_eye":6,"minecraft:white_bed":1,"croptopia:orange":29,"cataclysm:lionfish":1,"minecraft:flower_pot":2,"minecraft:diamond_pickaxe":139,"minecraft:apple":4,"minecraft:map":1,"minecraft:bread":35,"minecraft:melon_slice":39,"minecraft:iron_pickaxe":30,"minecraft:jungle_stairs":4,"minecraft:deepslate":1,"minecraft:gravel":1,"minecraft:golden_leggings":1,"minecraft:coal_block":1,"minecraft:diamond_sword":72,"minecraft:cobblestone":5,"minecraft:potion":2,"iceandfire:armor_copper_helmet":1,"minecraft:porkchop":1,"minecraft:andesite_stairs":3,"minecraft:bucket":4,"minecraft:diamond_leggings":1},"minecraft:broken":{"minecraft:diamond_boots":1,"minecraft:iron_helmet":1,"minecraft:golden_chestplate":1},"minecraft:killed":{"minecraft:cave_spider":1,"minecraft:witch":2,"minecraft:spider":9,"monsterplus:crystal_zombie":1,"minecraft:horse":4,"minecraft:skeleton":4,"monsterplus:glow_skeleton":2,"minecraft:turtle":2,"minecraft:pig":1,"minecraft:creeper":1,"minecraft:pillager":1,"minecraft:zombie":8,"minecraft:blaze":3,"minecraft:cow":9},"minecraft:killed_by":{"minecraft:player":7,"cataclysm:deepling":8,"minecraft:skeleton":6,"minecraft:guardian":1,"minecraft:zombie":11},"minecraft:custom":{"minecraft:interact_with_anvil":2,"minecraft:mob_kills":51,"minecraft:animals_bred":1,"minecraft:inspect_hopper":1,"minecraft:interact_with_crafting_table":38,"minecraft:open_barrel":35,"minecraft:eat_cake_slice":7,"minecraft:leave_game":7,"minecraft:time_since_death":2201,"minecraft:climb_one_cm":16103,"minecraft:sprint_one_cm":479123,"minecraft:walk_one_cm":897269,"minecraft:damage_blocked_by_shield":1900,"minecraft:drop":58,"minecraft:play_time":354315,"minecraft:deaths":37,"minecraft:sneak_time":3603,"minecraft:walk_under_water_one_cm":53711,"minecraft:boat_one_cm":80938,"minecraft:jump":2386,"minecraft:walk_on_water_one_cm":60366,"minecraft:total_world_time":354315,"minecraft:interact_with_furnace":5,"minecraft:pot_flower":2,"minecraft:sleep_in_bed":6,"minecraft:time_since_rest":2226,"minecraft:damage_taken":20247,"minecraft:damage_absorbed":80,"minecraft:damage_dealt":10451,"minecraft:swim_one_cm":5575,"minecraft:fly_one_cm":232105,"minecraft:player_kills":1,"minecraft:open_chest":279,"minecraft:crouch_one_cm":7320,"minecraft:interact_with_smoker":5,"minecraft:fall_one_cm":90561,"minecraft:horse_one_cm":180828}},"DataVersion":3465}