{"stats":{"minecraft:mined":{"minecraft:white_bed":1,"minecraft:stone_pressure_plate":1,"iceandfire:silver_ore":2,"minecraft:mossy_cobblestone":1,"minecraft:jungle_leaves":8,"minecraft:nether_bricks":3,"minecraft:grass_block":17,"minecraft:jungle_planks":22,"minecraft:jungle_log":156,"minecraft:spawner":44,"minecraft:hay_block":25,"minecraft:mossy_cobblestone_stairs":2,"minecraft:fire":6,"minecraft:barrel":6,"minecraft:nether_brick_stairs":13,"minecraft:mossy_stone_brick_stairs":5,"minecraft:vine":10,"minecraft:iron_bars":23,"minecraft:stone":400,"minecraft:jungle_door":1,"minecraft:quartz_block":15,"minecraft:soul_sand":1,"minecraft:smoker":4,"minecraft:amethyst_cluster":1,"minecraft:crafting_table":3,"minecraft:jungle_stairs":2,"minecraft:chest":2,"minecraft:cobblestone":2,"minecraft:oak_planks":10,"minecraft:iron_door":1,"minecraft:amethyst_block":1,"minecraft:lime_bed":2,"minecraft:red_terracotta":1,"minecraft:blue_terracotta":4,"minecraft:jukebox":1,"minecraft:stone_brick_stairs":2,"minecraft:grass":30,"minecraft:oak_log":43,"minecraft:gravel":7,"minecraft:dirt":129,"minecraft:cracked_stone_bricks":2,"minecraft:stone_bricks":3,"minecraft:netherrack":2,"minecraft:mossy_stone_bricks":5,"minecraft:oak_leaves":4},"minecraft:killed":{"mca:female_zombie_villager":1,"minecraft:cave_spider":7,"minecraft:witch":3,"minecraft:spider":9,"minecraft:vindicator":1,"creeperoverhaul:bamboo_creeper":1,"minecraft:skeleton":7,"monsterplus:glow_skeleton":3,"minecraft:parrot":1,"minecraft:pig":8,"iceandfire:cyclops":1,"minecraft:creeper":2,"minecraft:pillager":11,"minecraft:zombie":20,"iceandfire:ghost":1,"minecraft:stray":5,"minecraft:cow":7},"minecraft:broken":{"minecraft:iron_boots":1,"minecraft:iron_axe":1},"minecraft:custom":{"minecraft:mob_kills":89,"minecraft:interact_with_crafting_table":31,"minecraft:open_barrel":88,"minecraft:leave_game":3,"minecraft:time_since_death":16519,"minecraft:climb_one_cm":17663,"minecraft:damage_resisted":28,"minecraft:sprint_one_cm":570165,"minecraft:walk_one_cm":423256,"minecraft:damage_blocked_by_shield":470,"minecraft:drop":57,"minecraft:play_time":156318,"minecraft:deaths":10,"minecraft:sneak_time":3788,"minecraft:walk_under_water_one_cm":6880,"minecraft:jump":2388,"minecraft:walk_on_water_one_cm":12001,"minecraft:total_world_time":156318,"minecraft:tune_noteblock":3,"minecraft:sleep_in_bed":2,"minecraft:time_since_rest":16547,"minecraft:damage_taken":5503,"minecraft:damage_absorbed":158,"minecraft:player_kills":4,"minecraft:damage_dealt":20648,"minecraft:swim_one_cm":11011,"minecraft:fly_one_cm":382277,"minecraft:open_chest":214,"minecraft:crouch_one_cm":15821,"minecraft:interact_with_smoker":13,"minecraft:fall_one_cm":35741,"minecraft:horse_one_cm":574497},"minecraft:picked_up":{"sophisticatedbackpacks:gold_backpack":1,"minecraft:crafting_table":3,"minecraft:chainmail_boots":1,"croptopia:peach":12,"minecraft:oak_stairs":2,"minecraft:stone_brick_stairs":2,"minecraft:shield":1,"minecraft:golden_sword":1,"minecraft:amethyst_block":1,"minecraft:string":8,"minecraft:raw_copper":4,"minecraft:red_nether_bricks":4,"minecraft:iron_shovel":1,"minecraft:cracked_stone_bricks":2,"minecraft:beef":15,"minecraft:jungle_sapling":5,"minecraft:chest":2,"minecraft:egg":1,"minecraft:tipped_arrow":2,"minecraft:stick":17,"minecraft:jungle_door":1,"minecraft:jukebox":1,"minecraft:torch":1,"minecraft:porkchop":6,"minecraft:redstone":7,"minecraft:golden_chestplate":1,"minecraft:stone_pressure_plate":1,"minecraft:quartz_block":11,"minecraft:arrow":7,"minecraft:rotten_flesh":30,"minecraft:jungle_stairs":2,"minecraft:nether_bricks":2,"minecraft:diamond_boots":1,"minecraft:hay_block":23,"minecraft:obsidian":11,"minecraft:mutton":9,"minecraft:white_wool":5,"minecraft:iron_bars":20,"minecraft:cobblestone":385,"minecraft:lime_bed":2,"minecraft:leather_chestplate":5,"minecraft:iron_door":1,"minecraft:glow_ink_sac":4,"minecraft:jungle_log":148,"minecraft:leather":12,"minecraft:smoker":4,"paraglider:spirit_orb":96,"minecraft:flint":1,"minecraft:oak_log":50,"minecraft:gunpowder":5,"minecraft:dirt":137,"minecraft:bone":13,"minecraft:apple":4,"minecraft:stone_bricks":3,"croptopia:sweetpotato":1,"minecraft:bow":1,"minecraft:wheat_seeds":2,"minecraft:iron_ingot":2,"artifacts:kitty_slippers":1,"minecraft:mossy_stone_bricks":5,"minecraft:glass_bottle":3,"minecraft:glowstone_dust":4,"minecraft:iron_sword":1,"minecraft:oak_planks":15,"minecraft:mossy_stone_brick_stairs":3,"minecraft:soul_sand":3,"minecraft:book":4,"minecraft:cooked_porkchop":6,"minecraft:gravel":5,"minecraft:white_bed":1,"minecraft:jungle_planks":21,"minecraft:amethyst_shard":4,"sophisticatedbackpacks:iron_backpack":1,"minecraft:nether_brick_stairs":9,"minecraft:barrel":6,"minecraft:fermented_spider_eye":3,"minecraft:spectral_arrow":1,"minecraft:red_terracotta":1,"minecraft:spider_eye":2,"minecraft:mossy_cobblestone":1,"minecraft:diamond_shovel":1,"minecraft:blue_terracotta":4,"minecraft:iron_helmet":1,"croptopia:orange":28,"minecraft:mossy_cobblestone_stairs":2,"minecraft:emerald":1,"minecraft:chainmail_helmet":1,"minecraft:oak_sapling":15,"minecraft:netherrack":2,"minecraft:coal":12,"iceandfire:raw_silver":2,"minecraft:diamond_pickaxe":1},"minecraft:killed_by":{"minecraft:player":1,"minecraft:creeper":1,"minecraft:cave_spider":2,"minecraft:witch":2,"minecraft:zombie":4},"minecraft:dropped":{"minecraft:nether_brick_stairs":5,"minecraft:bread":32,"minecraft:porkchop":1,"minecraft:glass_bottle":14,"minecraft:cobblestone":2,"minecraft:iron_helmet":1,"croptopia:orange":23,"minecraft:book":8,"minecraft:cracked_stone_bricks":1,"minecraft:stick":6,"sophisticatedbackpacks:gold_backpack":2,"minecraft:torch":63,"minecraft:iron_leggings":1,"minecraft:jungle_sapling":5,"minecraft:redstone":7,"minecraft:rotten_flesh":18,"minecraft:iron_boots":1,"minecraft:glowstone_dust":2,"minecraft:leather_chestplate":3,"minecraft:shield":3,"minecraft:iron_chestplate":1,"minecraft:diamond_pickaxe":1,"minecraft:mossy_stone_bricks":2,"minecraft:golden_leggings":1,"minecraft:chainmail_boots":1,"minecraft:spider_eye":1,"minecraft:red_nether_bricks":2,"minecraft:iron_bars":2,"minecraft:netherrack":2},"minecraft:used":{"minecraft:enchanting_table":1,"vanillaplustools:diamond_shovel":2,"minecraft:blue_terracotta":4,"minecraft:iron_bars":6,"minecraft:chest":10,"minecraft:shield":21,"minecraft:iron_chestplate":1,"minecraft:torch":115,"minecraft:dirt":21,"minecraft:soul_sand":1,"minecraft:jungle_planks":117,"minecraft:nether_brick_stairs":3,"minecraft:mossy_cobblestone_stairs":1,"minecraft:iron_axe":262,"minecraft:oak_stairs":2,"minecraft:jungle_log":13,"minecraft:iron_boots":2,"minecraft:barrel":6,"minecraft:bow":26,"croptopia:peach":12,"minecraft:egg":1,"minecraft:stone_pressure_plate":1,"minecraft:cooked_beef":19,"minecraft:golden_axe":11,"minecraft:water_bucket":4,"minecraft:amethyst_block":1,"minecraft:red_nether_bricks":2,"minecraft:oak_planks":186,"vanillaplustools:diamond_hammer":2,"minecraft:lime_bed":2,"minecraft:crafting_table":6,"cwsr:cyan_sword":23,"minecraft:white_bed":1,"croptopia:orange":5,"minecraft:smoker":4,"minecraft:diamond_pickaxe":390,"minecraft:diamond_shovel":126,"minecraft:jungle_stairs":6,"minecraft:bread":27,"minecraft:iron_pickaxe":144,"minecraft:iron_door":1,"minecraft:red_terracotta":1,"minecraft:diamond_sword":355,"minecraft:cobblestone":25,"minecraft:potion":12,"minecraft:jungle_door":3,"minecraft:bucket":5},"minecraft:crafted":{"minecraft:oak_planks":168,"minecraft:furnace":2,"minecraft:iron_axe":2,"minecraft:chest":9,"minecraft:jungle_stairs":4,"cwsr:sword_handle":1,"minecraft:smoker":2,"sophisticatedbackpacks:iron_backpack":1,"minecraft:wheat":207,"minecraft:cooked_beef":9,"sophisticatedbackpacks:backpack":1,"minecraft:cooked_porkchop":4,"minecraft:crafting_table":4,"minecraft:enchanting_table":1,"minecraft:iron_helmet":2,"cwsr:cyan_sword":1,"sophisticatedbackpacks:gold_backpack":2,"minecraft:bucket":1,"minecraft:air":0,"minecraft:bread":74,"minecraft:jungle_planks":256,"minecraft:jungle_door":3,"minecraft:shield":2,"minecraft:stick":60,"minecraft:iron_pickaxe":1,"minecraft:torch":192}},"DataVersion":3465}