{"stats":{"minecraft:dropped":{"minecraft:nether_brick_stairs":5,"iceandfire:raw_silver":3,"minecraft:porkchop":3,"aquaculture:fishing_line":1,"minecraft:glass_bottle":21,"cwsr:cyan_sword":1,"iceandfire:tide_trident":1,"minecraft:cracked_stone_bricks":1,"paraglider:spirit_orb":4,"sophisticatedbackpacks:gold_backpack":2,"aquaculture:gold_hook":1,"aquaculture:iron_hook":1,"minecraft:jungle_sapling":5,"iceandfire:armor_copper_helmet":1,"minecraft:gravel":2,"cataclysm:chiseled_stone_brick_pillar":4,"cwsr:ender_thunder":6,"iceandfire:armor_red_leggings":1,"minecraft:rotten_flesh":21,"paraglider:goddess_statue":1,"minecraft:diamond_shovel":1,"minecraft:glowstone_dust":2,"minecraft:prismarine":1,"cwsr:ender_fire":1,"minecraft:leather_chestplate":3,"crafting_on_a_stick:crafting_table":2,"iceandfire:bestiary":1,"minecraft:chainmail_boots":1,"aquaculture:iron_fishing_rod":1,"minecraft:red_nether_bricks":2,"minecraft:iron_bars":2,"chimes:amethyst_chimes":1,"minecraft:stone_brick_stairs":1,"minecraft:netherrack":2,"minecraft:egg":5,"minecraft:bread":34,"minecraft:wheat_seeds":1,"cataclysm:athame":1,"minecraft:bookshelf":64,"minecraft:diamond_leggings":1,"croptopia:orange":23,"minecraft:iron_helmet":1,"minecraft:cobblestone":2,"minecraft:book":8,"minecraft:amethyst_block":2,"cataclysm:stone_pillar":1,"minecraft:golden_apple":1,"minecraft:stick":6,"mca:wedding_ring":2,"minecraft:lava_bucket":5,"minecraft:torch":63,"minecraft:diamond_helmet":1,"minecraft:iron_leggings":1,"minecraft:paper":17,"minecraft:string":61,"minecraft:redstone":7,"iceandfire:armor_red_chestplate":1,"minecraft:iron_boots":1,"minecraft:filled_map":3,"minecraft:shield":3,"minecraft:sea_pickle":3,"minecraft:iron_chestplate":1,"minecraft:diamond_pickaxe":2,"minecraft:mossy_stone_bricks":2,"minecraft:golden_leggings":1,"minecraft:andesite_stairs":1,"minecraft:spider_eye":1,"minecraft:diamond_boots":1,"cwsr:tri_ender":2},"minecraft:crafted":{"minecraft:oak_planks":188,"cwsr:ender_wind":1,"minecraft:blaze_powder":10,"cwsr:ender_thunder":1,"minecraft:bookshelf":7,"minecraft:bow":1,"minecraft:chest":15,"minecraft:jungle_stairs":4,"minecraft:ender_eye":1,"cwsr:ender_fire":1,"minecraft:smoker":2,"sophisticatedbackpacks:backpack":1,"minecraft:cooked_porkchop":4,"minecraft:crafting_table":6,"minecraft:iron_helmet":2,"iceandfire:armor_red_chestplate":1,"minecraft:iron_ingot":18,"minecraft:shield":2,"minecraft:iron_pickaxe":1,"aquaculture:iron_hook":2,"minecraft:stick":68,"iceandfire:summoning_crystal_fire":1,"minecraft:iron_block":3,"aquaculture:iron_fishing_rod":1,"aquaculture:gold_hook":2,"iceandfire:armor_copper_helmet":1,"minecraft:iron_nugget":9,"iceandfire:dragonbone_sword_fire":1,"minecraft:furnace":2,"minecraft:flint_and_steel":1,"minecraft:diamond":9,"minecraft:iron_axe":2,"iceandfire:armor_red_leggings":1,"cwsr:sword_handle":5,"minecraft:wheat":207,"sophisticatedbackpacks:iron_backpack":1,"minecraft:cooked_beef":9,"iceandfire:dragonbone_sword":1,"minecraft:enchanting_table":1,"aquaculture:fishing_line":2,"iceandfire:tide_trident":2,"cwsr:cyan_sword":1,"aquaculture:diamond_fishing_rod":1,"sophisticatedbackpacks:gold_backpack":2,"minecraft:bucket":1,"cwsr:tri_ender":1,"minecraft:air":0,"minecraft:bread":74,"minecraft:jungle_planks":540,"minecraft:oak_boat":2,"minecraft:jungle_door":3,"minecraft:anvil":1,"minecraft:torch":192},"minecraft:picked_up":{"minecraft:chainmail_boots":2,"minecraft:prismarine_shard":4,"minecraft:lead":1,"minecraft:oak_stairs":2,"minecraft:stone_brick_stairs":3,"minecraft:golden_sword":1,"minecraft:amethyst_block":3,"paraglider:goddess_statue":1,"minecraft:string":69,"minecraft:raw_copper":19,"minecraft:red_nether_bricks":4,"minecraft:iron_leggings":1,"minecraft:sea_pickle":3,"minecraft:diamond_leggings":1,"minecraft:cobbled_deepslate":218,"minecraft:gold_nugget":142,"minecraft:bucket":3,"minecraft:calcite":2,"minecraft:iron_pickaxe":1,"iceandfire:dragonscales_red":15,"mca:wedding_ring":3,"minecraft:tipped_arrow":2,"minecraft:stick":17,"cwsr:tri_ender":1,"minecraft:jungle_door":1,"minecraft:jukebox":1,"cataclysm:chiseled_stone_brick_pillar":4,"minecraft:torch":13,"minecraft:porkchop":8,"iceandfire:lightning_dragon_flesh":6,"minecraft:diorite":2,"minecraft:golden_chestplate":1,"cwsr:ender_thunder":6,"minecraft:quartz_block":11,"monsterplus:crystal_clump":2,"minecraft:rotten_flesh":56,"cataclysm:athame":4,"minecraft:iron_block":2,"iceandfire:fire_dragon_heart":1,"minecraft:bookshelf":64,"minecraft:blaze_rod":11,"minecraft:obsidian":14,"cataclysm:stone_pillar":2,"minecraft:iron_bars":20,"minecraft:cod":2,"minecraft:cobblestone":713,"minecraft:leather_chestplate":5,"minecraft:iron_door":1,"minecraft:andesite":1,"minecraft:jungle_log":148,"iceandfire:armor_red_chestplate":1,"minecraft:smoker":4,"paraglider:spirit_orb":96,"minecraft:flint":4,"minecraft:tuff":39,"minecraft:prismarine_bricks":2,"cwsr:cyan_sword":2,"cataclysm:coral_spear":2,"chimes:amethyst_chimes":1,"minecraft:lapis_lazuli":81,"minecraft:dirt":153,"minecraft:bone":37,"croptopia:sweetpotato":1,"minecraft:bow":1,"minecraft:wheat_seeds":6,"minecraft:raw_gold":1,"cwsr:ender_fire":1,"minecraft:diamond_helmet":1,"minecraft:mossy_stone_bricks":5,"minecraft:glowstone_dust":5,"minecraft:prismarine":1,"minecraft:oak_planks":19,"minecraft:mossy_stone_brick_stairs":3,"minecraft:cooked_porkchop":6,"minecraft:diamond_block":1,"minecraft:jungle_planks":21,"immersive_aircraft:gyroscope":3,"minecraft:nether_brick_stairs":9,"sophisticatedbackpacks:iron_backpack":1,"iceandfire:lightning_dragon_heart":1,"minecraft:fermented_spider_eye":3,"minecraft:spectral_arrow":6,"minecraft:red_terracotta":1,"minecraft:barrel":6,"minecraft:mossy_cobblestone":1,"iceandfire:chared_cobblestone":25,"minecraft:blue_terracotta":4,"minecraft:diamond":14,"minecraft:deepslate":8,"sophisticatedbackpacks:feeding_upgrade":1,"minecraft:emerald":30,"minecraft:chainmail_helmet":1,"immersive_aircraft:steel_boiler":5,"minecraft:oak_sapling":21,"minecraft:netherrack":4,"minecraft:diamond_pickaxe":3,"iceandfire:raw_silver":5,"sophisticatedbackpacks:gold_backpack":1,"minecraft:crafting_table":4,"iceandfire:witherbone":1,"croptopia:peach":23,"minecraft:shield":1,"iceandfire:sea_serpent_scales_blue":5,"immersive_aircraft:biplane":9,"minecraft:iron_axe":1,"minecraft:iron_shovel":1,"minecraft:cracked_stone_bricks":2,"minecraft:beef":15,"minecraft:andesite_stairs":1,"minecraft:oak_boat":3,"minecraft:jungle_sapling":5,"cataclysm:abyssal_sacrifice":1,"minecraft:chest":2,"minecraft:egg":6,"minecraft:raw_iron":18,"iceandfire:dragonbone":18,"minecraft:redstone":11,"minecraft:prismarine_crystals":1,"minecraft:stone_pressure_plate":1,"crafting_on_a_stick:crafting_table":3,"minecraft:arrow":30,"minecraft:jungle_stairs":2,"minecraft:nether_bricks":24,"minecraft:diamond_boots":2,"minecraft:hay_block":23,"minecraft:mutton":10,"minecraft:white_wool":6,"minecraft:lime_bed":2,"iceandfire:sea_serpent_fang":9,"immersive_aircraft:nether_engine":6,"minecraft:glow_ink_sac":10,"minecraft:leather":14,"minecraft:filled_map":1,"minecraft:birch_planks":1,"minecraft:oak_log":55,"minecraft:gunpowder":14,"minecraft:paper":17,"minecraft:apple":4,"minecraft:stone_bricks":11,"minecraft:kelp":10,"minecraft:iron_ingot":2,"minecraft:cooked_chicken":3,"artifacts:kitty_slippers":1,"aquaculture:iron_hook":1,"minecraft:glass_bottle":8,"minecraft:iron_sword":1,"iceandfire:fire_dragon_flesh":6,"minecraft:soul_sand":3,"minecraft:book":127,"iceandfire:chared_stone":19,"immersive_aircraft:sturdy_pipes":3,"minecraft:stone_brick_slab":2,"minecraft:gravel":39,"minecraft:lava_bucket":6,"minecraft:amethyst_shard":54,"minecraft:white_bed":1,"minecraft:spider_eye":4,"iceandfire:dragonscales_copper":7,"immersive_aircraft:enhanced_propeller":6,"minecraft:firework_rocket":182,"minecraft:diamond_shovel":2,"monsterplus:crystal_shard":5,"croptopia:orange":28,"minecraft:iron_helmet":3,"cataclysm:crystallized_coral_fragments":1,"minecraft:mossy_cobblestone_stairs":2,"minecraft:coal":15,"minecraft:ender_pearl":2},"minecraft:mined":{"minecraft:large_amethyst_bud":3,"minecraft:stone_pressure_plate":1,"minecraft:white_bed":1,"minecraft:andesite_stairs":1,"minecraft:jungle_leaves":8,"minecraft:obsidian":3,"cataclysm:stone_pillar":3,"minecraft:budding_amethyst":2,"minecraft:grass_block":17,"minecraft:horn_coral_fan":1,"minecraft:jungle_log":156,"minecraft:spawner":44,"minecraft:tall_seagrass":2,"minecraft:mossy_cobblestone_stairs":2,"minecraft:iron_ore":13,"minecraft:fire":38,"minecraft:barrel":6,"minecraft:deepslate_lapis_ore":10,"minecraft:nether_brick_stairs":13,"minecraft:cave_vines":2,"iceandfire:gold_pile":2,"minecraft:iron_bars":23,"minecraft:iron_block":2,"iceandfire:chared_cobblestone":32,"minecraft:deepslate_redstone_ore":1,"minecraft:jungle_door":1,"minecraft:quartz_block":15,"minecraft:medium_amethyst_bud":2,"minecraft:kelp_plant":2,"minecraft:smoker":4,"minecraft:amethyst_cluster":12,"minecraft:torch":3,"minecraft:jungle_stairs":2,"minecraft:calcite":2,"minecraft:chest":2,"minecraft:cobblestone":11,"minecraft:prismarine":1,"minecraft:oak_planks":10,"minecraft:iron_door":1,"minecraft:wall_torch":8,"minecraft:amethyst_block":3,"minecraft:blue_terracotta":4,"minecraft:jukebox":1,"minecraft:stone_brick_stairs":3,"minecraft:grass":41,"minecraft:oak_log":48,"minecraft:dirt":145,"minecraft:netherrack":4,"minecraft:oak_leaves":9,"minecraft:deepslate":218,"iceandfire:chared_stone":24,"minecraft:diamond_ore":2,"minecraft:tuff":39,"iceandfire:silver_ore":2,"minecraft:mossy_cobblestone":1,"minecraft:deepslate_diamond_ore":10,"minecraft:nether_bricks":25,"cataclysm:stone_tile_wall":1,"minecraft:jungle_planks":22,"cataclysm:chiseled_stone_brick_pillar":2,"iceandfire:deepslate_silver_ore":1,"minecraft:kelp":1,"minecraft:hay_block":25,"minecraft:andesite":1,"minecraft:diamond_block":1,"minecraft:mossy_stone_brick_stairs":5,"minecraft:bookshelf":40,"minecraft:deepslate_iron_ore":4,"minecraft:vine":10,"minecraft:stone":638,"minecraft:soul_sand":1,"minecraft:stone_brick_slab":2,"minecraft:crafting_table":4,"minecraft:emerald_ore":26,"minecraft:copper_ore":1,"minecraft:lapis_ore":2,"minecraft:deepslate_gold_ore":1,"minecraft:diorite":2,"minecraft:prismarine_bricks":2,"minecraft:red_terracotta":1,"minecraft:lime_bed":2,"minecraft:sea_pickle":1,"minecraft:coal_ore":1,"minecraft:gravel":30,"minecraft:cracked_stone_bricks":2,"minecraft:stone_bricks":26,"minecraft:mossy_stone_bricks":5},"minecraft:used":{"iceandfire:tide_trident":2,"cwsr:ender_thunder":5,"minecraft:blue_terracotta":4,"minecraft:chest":16,"minecraft:shield":21,"minecraft:iron_chestplate":1,"paraglider:goddess_statue":2,"minecraft:soul_sand":1,"minecraft:mutton":3,"enchantmentmachine:enchanter_block":3,"minecraft:jungle_planks":117,"twilightforest:towerwood_borer_spawn_egg":1,"minecraft:obsidian":10,"minecraft:lava_bucket":2,"minecraft:grass_block":3,"minecraft:stone_bricks":7,"aquaculture:diamond_fishing_rod":1,"croptopia:peach":13,"minecraft:bow":56,"cataclysm:coral_spear":1,"minecraft:egg":17,"immersive_aircraft:biplane":10,"minecraft:oak_planks":186,"cwsr:ender_fire":7,"vanillaplustools:diamond_hammer":2,"minecraft:golden_apple":18,"cwsr:cyan_sword":293,"croptopia:orange":5,"minecraft:firework_rocket":17,"minecraft:bread":51,"enchantmentmachine:disenchanter_block":2,"minecraft:gravel":4,"minecraft:red_terracotta":1,"minecraft:iron_door":1,"twilightforest:winter_wolf_spawn_egg":3,"minecraft:diamond_sword":355,"minecraft:andesite":1,"twilightforest:stable_ice_core_spawn_egg":1,"minecraft:oak_boat":4,"vanillaplustools:diamond_shovel":2,"minecraft:iron_bars":6,"minecraft:enchanting_table":1,"minecraft:flint_and_steel":4,"minecraft:cooked_chicken":3,"minecraft:torch":168,"minecraft:dirt":21,"minecraft:anvil":1,"minecraft:nether_brick_stairs":3,"minecraft:mossy_cobblestone_stairs":1,"minecraft:stone_brick_slab":2,"cwsr:tri_ender":6,"minecraft:bookshelf":39,"minecraft:iron_axe":309,"minecraft:oak_stairs":2,"minecraft:jungle_log":13,"minecraft:iron_boots":2,"minecraft:barrel":6,"enchantmentmachine:enchantment_block":2,"minecraft:stone_pressure_plate":1,"minecraft:cooked_beef":19,"minecraft:cobbled_deepslate":37,"minecraft:golden_axe":11,"cataclysm:altar_of_amethyst":1,"minecraft:water_bucket":28,"minecraft:amethyst_block":1,"minecraft:red_nether_bricks":2,"cataclysm:stone_pillar":1,"minecraft:tnt":5,"minecraft:lime_bed":2,"minecraft:crafting_table":8,"minecraft:white_bed":1,"minecraft:smoker":4,"minecraft:diamond_pickaxe":1125,"minecraft:diamond_shovel":156,"iceandfire:dragonbone_sword_fire":1,"minecraft:iron_pickaxe":144,"minecraft:map":4,"minecraft:jungle_stairs":6,"minecraft:cobblestone":217,"minecraft:potion":17,"minecraft:cooked_porkchop":9,"minecraft:jungle_door":3,"minecraft:bucket":28},"minecraft:broken":{"minecraft:diamond_helmet":1,"minecraft:iron_boots":1,"minecraft:iron_leggings":1,"minecraft:diamond_boots":1,"minecraft:diamond_leggings":1,"minecraft:iron_axe":1,"minecraft:iron_helmet":1},"minecraft:killed":{"minecraft:cave_spider":7,"minecraft:witch":3,"minecraft:spider":11,"monsterplus:crystal_zombie":11,"creeperoverhaul:bamboo_creeper":1,"minecraft:skeleton":13,"minecraft:guardian":3,"monsterplus:glow_skeleton":11,"minecraft:piglin":3,"minecraft:parrot":1,"minecraft:pig":8,"minecraft:elder_guardian":1,"minecraft:creeper":10,"minecraft:pillager":11,"cataclysm:deepling_brute":5,"minecraft:zombie":38,"cataclysm:deepling":15,"minecraft:stray":5,"iceandfire:lightning_dragon":1,"monsterplus:lava_squid":1,"minecraft:cow":7,"minecraft:blaze":12,"mca:female_zombie_villager":3,"minecraft:endermite":1,"minecraft:vindicator":1,"iceandfire:fire_dragon":1,"cataclysm:lionfish":1,"cataclysm:deepling_angler":7,"iceandfire:cyclops":1,"iceandfire:ghost":1,"cataclysm:deepling_priest":3,"cataclysm:coralssus":2,"minecraft:enderman":4},"minecraft:custom":{"minecraft:interact_with_crafting_table":86,"minecraft:open_barrel":104,"minecraft:leave_game":8,"minecraft:time_since_death":5077,"minecraft:damage_resisted":83,"minecraft:sprint_one_cm":890209,"minecraft:damage_blocked_by_shield":470,"minecraft:drop":133,"minecraft:play_time":369167,"minecraft:deaths":38,"minecraft:jump":5351,"minecraft:walk_on_water_one_cm":91315,"minecraft:enchant_item":4,"minecraft:sleep_in_bed":3,"minecraft:damage_dealt":61380,"minecraft:player_kills":7,"minecraft:crouch_one_cm":46068,"minecraft:interact_with_smoker":13,"minecraft:horse_one_cm":574497,"minecraft:mob_kills":206,"minecraft:interact_with_anvil":4,"minecraft:climb_one_cm":20963,"minecraft:walk_one_cm":877512,"minecraft:sneak_time":12233,"minecraft:walk_under_water_one_cm":69760,"minecraft:boat_one_cm":106045,"minecraft:total_world_time":369167,"minecraft:tune_noteblock":3,"minecraft:time_since_rest":5117,"minecraft:damage_taken":30435,"minecraft:damage_absorbed":1111,"minecraft:swim_one_cm":139629,"minecraft:fly_one_cm":891171,"minecraft:open_chest":441,"minecraft:fall_one_cm":98617},"minecraft:killed_by":{"cataclysm:deepling_angler":1,"minecraft:creeper":1,"cataclysm:deepling":2,"minecraft:cave_spider":2,"cataclysm:deepling_brute":2,"minecraft:witch":2,"minecraft:zombie":4,"cataclysm:deepling_priest":4,"iceandfire:fire_dragon":17,"minecraft:player":1,"minecraft:skeleton":1}},"DataVersion":3465}