{"stats":{"minecraft:crafted":{"minecraft:crafting_table":1,"minecraft:wooden_pickaxe":1,"minecraft:stone_axe":1,"minecraft:bread":171,"minecraft:shield":1,"minecraft:stick":12,"minecraft:stone_pickaxe":1,"minecraft:chest":2,"minecraft:acacia_planks":56,"minecraft:wheat":509},"minecraft:mined":{"minecraft:yellow_terracotta":3,"minecraft:acacia_leaves":2,"minecraft:white_bed":1,"biomesoplenty:orange_sand":17,"minecraft:sculk_vein":1,"minecraft:torch":4,"iceandfire:myrmex_desert_resin_glass":1,"minecraft:crafting_table":2,"minecraft:glow_lichen":2,"biomesoplenty:bush":4,"minecraft:acacia_log":14,"minecraft:grass_block":1,"minecraft:melon":9,"minecraft:glass":1,"minecraft:tall_grass":5,"minecraft:cobblestone":8,"biomesoplenty:orange_sandstone":7,"minecraft:sculk":2,"croptopia:olive_crop":1,"biomesoplenty:dune_grass":1,"minecraft:large_fern":1,"minecraft:hay_block":75,"minecraft:grass":21,"minecraft:coal_ore":2,"minecraft:deepslate_iron_ore":2,"minecraft:sand":2,"minecraft:gravel":11,"minecraft:dispenser":1,"minecraft:stone":14,"minecraft:bone_block":10,"minecraft:oak_leaves":2,"minecraft:deepslate":4},"minecraft:broken":{"minecraft:stone_axe":1,"minecraft:leather_boots":1,"minecraft:leather_leggings":1,"minecraft:leather_chestplate":1,"minecraft:wooden_pickaxe":1},"minecraft:dropped":{"minecraft:bread":46,"minecraft:wheat_seeds":2,"minecraft:rotten_flesh":7,"minecraft:leather":5,"spore:cerebrum":1,"minecraft:oxeye_daisy":1,"minecraft:hay_block":10,"mca:book_romance":1,"minecraft:leather_horse_armor":1,"minecraft:dispenser":1,"minecraft:acacia_sapling":2,"iceandfire:bestiary":1,"minecraft:beef":3},"minecraft:custom":{"minecraft:interact_with_furnace":2,"minecraft:mob_kills":20,"minecraft:play_record":1,"minecraft:interact_with_crafting_table":11,"minecraft:leave_game":1,"minecraft:time_since_death":17304,"minecraft:time_since_rest":17327,"minecraft:sprint_one_cm":265061,"minecraft:damage_taken":4819,"minecraft:walk_one_cm":185651,"minecraft:damage_blocked_by_shield":225,"minecraft:trigger_trapped_chest":2,"minecraft:drop":16,"minecraft:damage_dealt":4958,"minecraft:player_kills":1,"minecraft:swim_one_cm":25580,"minecraft:fly_one_cm":476892,"minecraft:open_chest":39,"minecraft:crouch_one_cm":11392,"minecraft:play_time":106997,"minecraft:deaths":9,"minecraft:sneak_time":3442,"minecraft:walk_under_water_one_cm":6198,"minecraft:jump":2218,"minecraft:walk_on_water_one_cm":12466,"minecraft:total_world_time":106997,"minecraft:fall_one_cm":69556},"minecraft:picked_up":{"spore:mutated_heart":3,"minecraft:crafting_table":2,"minecraft:wheat":4,"minecraft:glow_ink_sac":2,"minecraft:salmon":1,"minecraft:leather":5,"minecraft:lead":1,"iceandfire:myrmex_desert_resin_glass":1,"minecraft:lapis_lazuli":1,"minecraft:string":2,"minecraft:dirt":1,"cataclysm:music_disc_ignis":1,"minecraft:item_frame":5,"minecraft:bone":11,"minecraft:experience_bottle":1,"minecraft:apple":1,"minecraft:wheat_seeds":2,"minecraft:cobbled_deepslate":4,"minecraft:beef":3,"minecraft:iron_ingot":1,"spore:mutated_fiber":26,"minecraft:glowstone_dust":2,"minecraft:melon_slice":51,"minecraft:acacia_sapling":2,"minecraft:raw_iron":2,"spore:cerebrum":1,"iceandfire:deathworm_chitin_red":2,"spore:armor_fragment":1,"minecraft:torch":5,"minecraft:acacia_log":14,"croptopia:olive_seed":1,"minecraft:vine":1,"minecraft:white_bed":1,"iceandfire:deathworm_chitin_white":2,"minecraft:spectral_arrow":1,"minecraft:spider_eye":1,"spore:claw_fragment":3,"minecraft:arrow":6,"minecraft:dispenser":1,"minecraft:rotten_flesh":9,"monsterplus:crystal_shard":1,"biomesoplenty:orange_sandstone":7,"minecraft:hay_block":84,"minecraft:painting":1,"minecraft:yellow_terracotta":2,"minecraft:emerald":1,"minecraft:gold_ingot":2,"spore:spine_fragment":2,"minecraft:leather_horse_armor":1,"minecraft:glow_berries":1,"minecraft:bone_block":10,"minecraft:cobblestone":14,"biomesoplenty:orange_sand":24},"minecraft:killed":{"spore:inf_player":2,"minecraft:spider":1,"monsterplus:crystal_zombie":1,"spore:inf_pillager":2,"spore:inf_villager":2,"spore:inf_human":7,"minecraft:zombie":2,"iceandfire:ghost":1,"monsterplus:overgrown_skeleton":1,"minecraft:cow":1},"minecraft:used":{"minecraft:water_bucket":5,"minecraft:stone_pickaxe":54,"minecraft:shield":15,"minecraft:chest":2,"minecraft:wooden_pickaxe":41,"minecraft:salmon":1,"minecraft:torch":45,"minecraft:dirt":1,"minecraft:yellow_terracotta":2,"minecraft:crafting_table":3,"cataclysm:the_harbinger_spawn_egg":2,"cwsr:cyan_sword":6,"minecraft:white_bed":1,"minecraft:painting":1,"iceandfire:myrmex_desert_resin_glass":1,"minecraft:lava_bucket":11,"minecraft:bread":52,"minecraft:melon_slice":5,"minecraft:string":1,"biomesoplenty:orange_sand":24,"minecraft:item_frame":4,"minecraft:stone_axe":66,"biomesoplenty:orange_sandstone":7,"minecraft:cobblestone":3,"cataclysm:music_disc_ignis":1,"minecraft:hay_block":1,"minecraft:bucket":16,"minecraft:jukebox":1,"minecraft:acacia_planks":9},"minecraft:killed_by":{"spore:inf_player":5,"minecraft:warden":1,"spore:busser":2,"spore:inf_human":1}},"DataVersion":3465}