{
  "mcwtrpdoors:recipes/acacia/acacia_mystic_trapdoor": {
    "criteria": {
      "has_logs": "2024-05-14 16:21:22 +0000"
    },
    "done": true
  },
  "minecraft:recipes/redstone/acacia_button": {
    "criteria": {
      "has_planks": "2024-05-14 16:21:24 +0000"
    },
    "done": true
  },
  "minecraft:recipes/building_blocks/polished_deepslate": {
    "criteria": {
      "has_cobbled_deepslate": "2024-05-14 17:13:55 +0000"
    },
    "done": true
  },
  "minecraft:recipes/combat/leather_helmet": {
    "criteria": {
      "has_leather": "2024-05-14 16:05:56 +0000"
    },
    "done": true
  },
  "croptopia:recipes/beef_jerky": {
    "criteria": {
      "has_beef": "2024-05-14 17:23:33 +0000"
    },
    "done": true
  },
  "minecraft:recipes/decorations/ladder": {
    "criteria": {
      "has_stick": "2024-05-14 16:43:22 +0000"
    },
    "done": true
  },
  "cfm:recipes/decorations/acacia_cabinet": {
    "criteria": {
      "has_log": "2024-05-14 16:21:22 +0000"
    },
    "done": true
  },
  "cfm:recipes/decorations/orange_cooler": {
    "criteria": {
      "has_chest": "2024-05-14 16:58:24 +0000"
    },
    "done": true
  },
  "cyanwarriorswordsredux:recipes/craft_earth_essence": {
    "criteria": {
      "has_item": "2024-05-14 16:00:30 +0000"
    },
    "done": true
  },
  "mutantmonsters:root": {
    "criteria": {
      "killed_by_something": "2024-05-14 16:08:33 +0000"
    },
    "done": true
  },
  "cfm:recipes/decorations/acacia_chair": {
    "criteria": {
      "has_log": "2024-05-14 16:21:22 +0000"
    },
    "done": true
  },
  "minecraft:recipes/building_blocks/deepslate_tile_stairs_from_cobbled_deepslate_stonecutting": {
    "criteria": {
      "has_cobbled_deepslate": "2024-05-14 17:13:55 +0000"
    },
    "done": true
  },
  "croptopia:recipes/misc/apple_juice": {
    "criteria": {
      "has_apple": "2024-05-14 16:08:57 +0000"
    },
    "done": true
  },
  "biomesoplenty:recipes/building_blocks/cut_orange_sandstone_slab_from_orange_sandstone_stonecutting": {
    "criteria": {
      "has_orange_sandstone": "2024-05-14 16:53:12 +0000"
    },
    "done": true
  },
  "cfm:recipes/decorations/stripped_warped_kitchen_sink_light": {
    "criteria": {
      "has_bucket": "2024-05-14 16:08:53 +0000"
    },
    "done": true
  },
  "croptopia:recipes/pork_jerky": {
    "criteria": {
      "has_the_recipe": "2024-05-14 17:23:33 +0000"
    },
    "done": true
  },
  "mcwbridges:recipes/acacia_log_bridge_middle": {
    "criteria": {
      "has_planks": "2024-05-14 16:21:24 +0000"
    },
    "done": true
  },
  "minecraft:recipes/building_blocks/mossy_stone_bricks_from_vine": {
    "criteria": {
      "has_vine": "2024-05-14 17:06:20 +0000"
    },
    "done": true
  },
  "cfm:recipes/decorations/acacia_kitchen_sink_dark": {
    "criteria": {
      "has_bucket": "2024-05-14 16:08:53 +0000"
    },
    "done": true
  },
  "minecraft:story/deflect_arrow": {
    "criteria": {
      "deflected_projectile": "2024-05-14 17:00:24 +0000"
    },
    "done": true
  },
  "mcwtrpdoors:recipes/metal/metal_warning_trapdoor": {
    "criteria": {
      "has_logs": "2024-05-14 16:06:42 +0000"
    },
    "done": true
  },
  "minecraft:recipes/tools/golden_axe": {
    "criteria": {
      "has_gold_ingot": "2024-05-14 16:06:50 +0000"
    },
    "done": true
  },
  "cfm:recipes/decorations/brown_kitchen_drawer": {
    "criteria": {
      "has_chest": "2024-05-14 16:58:24 +0000"
    },
    "done": true
  },
  "iceandfire:recipes/misc/dragon_bone_wall": {
    "criteria": {
      "has_item": "2024-05-14 16:01:48 +0000"
    },
    "done": true
  },
  "cyanwarriorswordsredux:recipes/upgrade_sword_fire": {
    "criteria": {
      "has_item": "2024-05-14 16:00:30 +0000"
    },
    "done": true
  },
  "minecraft:recipes/tools/golden_pickaxe": {
    "criteria": {
      "has_gold_ingot": "2024-05-14 16:06:50 +0000"
    },
    "done": true
  },
  "cfm:recipes/decorations/jungle_kitchen_sink_dark": {
    "criteria": {
      "has_bucket": "2024-05-14 16:08:53 +0000"
    },
    "done": true
  },
  "cfm:recipes/decorations/brown_kitchen_sink": {
    "criteria": {
      "has_bucket": "2024-05-14 16:08:53 +0000"
    },
    "done": true
  },
  "minecraft:recipes/building_blocks/lapis_block": {
    "criteria": {
      "has_lapis_lazuli": "2024-05-14 16:08:45 +0000"
    },
    "done": true
  },
  "minecraft:recipes/building_blocks/raw_iron_block": {
    "criteria": {
      "has_raw_iron": "2024-05-14 17:03:31 +0000"
    },
    "done": true
  },
  "cfm:recipes/decorations/stripped_warped_kitchen_sink_dark": {
    "criteria": {
      "has_bucket": "2024-05-14 16:08:53 +0000"
    },
    "done": true
  },
  "croptopia:recipes/food/beef_jerky": {
    "criteria": {
      "has_the_recipe": "2024-05-14 17:23:33 +0000"
    },
    "done": true
  },
  "cfm:recipes/decorations/blue_grill": {
    "criteria": {
      "has_iron": "2024-05-14 16:06:42 +0000"
    },
    "done": true
  },
  "cfm:recipes/decorations/stripped_jungle_kitchen_sink_light": {
    "criteria": {
      "has_bucket": "2024-05-14 16:08:53 +0000"
    },
    "done": true
  },
  "biomesoplenty:recipes/transportation/willow_boat": {
    "criteria": {
      "in_water": "2024-05-14 16:02:49 +0000"
    },
    "done": true
  },
  "cfm:recipes/decorations/light_blue_grill": {
    "criteria": {
      "has_iron": "2024-05-14 16:06:42 +0000"
    },
    "done": true
  },
  "croptopia:recipes/burrito": {
    "criteria": {
      "has_the_recipe": "2024-05-14 17:23:33 +0000"
    },
    "done": true
  },
  "cfm:recipes/decorations/brown_grill": {
    "criteria": {
      "has_iron": "2024-05-14 16:06:42 +0000"
    },
    "done": true
  },
  "minecraft:recipes/misc/gold_nugget": {
    "criteria": {
      "has_gold_ingot": "2024-05-14 16:06:50 +0000"
    },
    "done": true
  },
  "minecraft:recipes/combat/iron_helmet": {
    "criteria": {
      "has_iron_ingot": "2024-05-14 16:06:42 +0000"
    },
    "done": true
  },
  "minecraft:recipes/tools/golden_shovel": {
    "criteria": {
      "has_gold_ingot": "2024-05-14 16:06:50 +0000"
    },
    "done": true
  },
  "biomesoplenty:recipes/building_blocks/orange_sandstone_slab": {
    "criteria": {
      "has_sandstone": "2024-05-14 16:53:12 +0000"
    },
    "done": true
  },
  "chococraft:recipes/misc/straw": {
    "criteria": {
      "has_wheat": "2024-05-14 16:21:41 +0000"
    },
    "done": true
  },
  "minecraft:story/mine_stone": {
    "criteria": {
      "get_stone": "2024-05-14 16:53:37 +0000"
    },
    "done": true
  },
  "minecraft:recipes/decorations/furnace": {
    "criteria": {
      "has_cobblestone": "2024-05-14 16:53:37 +0000"
    },
    "done": true
  },
  "minecraft:recipes/food/golden_apple": {
    "criteria": {
      "has_gold_ingot": "2024-05-14 16:06:50 +0000"
    },
    "done": true
  },
  "cfm:recipes/decorations/dark_oak_mail_box": {
    "criteria": {
      "has_chest": "2024-05-14 16:58:24 +0000"
    },
    "done": true
  },
  "cfm:recipes/decorations/spruce_kitchen_sink_light": {
    "criteria": {
      "has_bucket": "2024-05-14 16:08:53 +0000"
    },
    "done": true
  },
  "cfm:recipes/decorations/gray_kitchen_drawer": {
    "criteria": {
      "has_chest": "2024-05-14 16:58:24 +0000"
    },
    "done": true
  },
  "cfm:recipes/decorations/stripped_mangrove_kitchen_sink_dark": {
    "criteria": {
      "has_bucket": "2024-05-14 16:08:53 +0000"
    },
    "done": true
  },
  "cfm:recipes/decorations/stripped_acacia_kitchen_drawer": {
    "criteria": {
      "has_log": "2024-05-14 16:21:22 +0000"
    },
    "done": true
  },
  "minecraft:recipes/combat/golden_boots": {
    "criteria": {
      "has_gold_ingot": "2024-05-14 16:06:50 +0000"
    },
    "done": true
  },
  "minecraft:recipes/tools/wooden_axe": {
    "criteria": {
      "has_stick": "2024-05-14 16:43:22 +0000"
    },
    "done": true
  },
  "mcwroofs:recipes/gutters": {
    "criteria": {
      "has_planks": "2024-05-14 16:06:42 +0000"
    },
    "done": true
  },
  "biomesoplenty:recipes/building_blocks/smooth_orange_sandstone": {
    "criteria": {
      "has_sandstone": "2024-05-14 16:53:12 +0000"
    },
    "done": true
  },
  "cfm:recipes/decorations/birch_mail_box": {
    "criteria": {
      "has_chest": "2024-05-14 16:58:24 +0000"
    },
    "done": true
  },
  "cfm:recipes/decorations/blue_cooler": {
    "criteria": {
      "has_chest": "2024-05-14 16:58:24 +0000"
    },
    "done": true
  },
  "dungeons_arise:find_typhon": {
    "criteria": {
      "location0": "2024-05-14 16:51:24 +0000"
    },
    "done": true
  },
  "minecraft:recipes/combat/leather_chestplate": {
    "criteria": {
      "has_leather": "2024-05-14 16:05:56 +0000"
    },
    "done": true
  },
  "cfm:recipes/decorations/diving_board": {
    "criteria": {
      "has_wheat": "2024-05-14 16:21:41 +0000"
    },
    "done": true
  },
  "immersive_aircraft:misc/aircraftery": {
    "criteria": {
      "has_item": "2024-05-14 16:06:42 +0000"
    },
    "done": true
  },
  "cfm:recipes/decorations/magenta_kitchen_sink": {
    "criteria": {
      "has_bucket": "2024-05-14 16:08:53 +0000"
    },
    "done": true
  },
  "cfm:recipes/decorations/acacia_desk": {
    "criteria": {
      "has_log": "2024-05-14 16:21:22 +0000"
    },
    "done": true
  },
  "cfm:recipes/decorations/fridge_dark": {
    "criteria": {
      "has_iron": "2024-05-14 16:06:42 +0000"
    },
    "done": true
  },
  "cfm:recipes/decorations/acacia_upgraded_fence": {
    "criteria": {
      "has_log": "2024-05-14 16:21:22 +0000"
    },
    "done": true
  },
  "iceandfire:recipes/combat/mountain_troll_leather_helmet": {
    "criteria": {
      "has_item": "2024-05-14 16:05:24 +0000"
    },
    "done": true
  },
  "croptopia:recipes/shaped_beef_stew": {
    "criteria": {
      "has_beef": "2024-05-14 17:23:33 +0000"
    },
    "done": true
  },
  "mca:recipes/misc/blueprint": {
    "criteria": {
      "has_item": "2024-05-14 16:01:50 +0000"
    },
    "done": true
  },
  "minecraft:recipes/decorations/crafting_table": {
    "criteria": {
      "unlock_right_away": "2024-05-14 16:00:28 +0000"
    },
    "done": true
  },
  "mcwtrpdoors:recipes/acacia/acacia_ranch_trapdoor": {
    "criteria": {
      "has_logs": "2024-05-14 16:21:22 +0000"
    },
    "done": true
  },
  "minecraft:recipes/decorations/chest": {
    "criteria": {
      "has_lots_of_items": "2024-05-14 16:03:38 +0000"
    },
    "done": true
  },
  "minecraft:recipes/building_blocks/cobbled_deepslate_slab": {
    "criteria": {
      "has_cobbled_deepslate": "2024-05-14 17:13:55 +0000"
    },
    "done": true
  },
  "cfm:recipes/decorations/black_trampoline": {
    "criteria": {
      "has_iron": "2024-05-14 16:06:42 +0000"
    },
    "done": true
  },
  "minecraft:recipes/tools/shears": {
    "criteria": {
      "has_iron_ingot": "2024-05-14 16:06:42 +0000"
    },
    "done": true
  },
  "minecraft:recipes/misc/stick": {
    "criteria": {
      "has_planks": "2024-05-14 16:21:24 +0000"
    },
    "done": true
  },
  "cfm:recipes/decorations/acacia_table": {
    "criteria": {
      "has_log": "2024-05-14 16:21:22 +0000"
    },
    "done": true
  },
  "tropicraft:recipes/building_blocks/red_mangrove_wood": {
    "criteria": {
      "has_log": "2024-05-14 16:21:22 +0000"
    },
    "done": true
  },
  "cfm:recipes/decorations/yellow_grill": {
    "criteria": {
      "has_iron": "2024-05-14 16:06:42 +0000"
    },
    "done": true
  },
  "minecraft:recipes/building_blocks/cobblestone_slab_from_cobblestone_stonecutting": {
    "criteria": {
      "has_cobblestone": "2024-05-14 16:53:37 +0000"
    },
    "done": true
  },
  "minecraft:recipes/transportation/cherry_boat": {
    "criteria": {
      "in_water": "2024-05-14 16:02:49 +0000"
    },
    "done": true
  },
  "cfm:recipes/decorations/stripped_spruce_mail_box": {
    "criteria": {
      "has_chest": "2024-05-14 16:58:24 +0000"
    },
    "done": true
  },
  "minecraft:adventure/kill_all_mobs": {
    "criteria": {
      "minecraft:spider": "2024-05-14 16:47:06 +0000",
      "minecraft:zombie": "2024-05-14 16:45:47 +0000"
    },
    "done": false
  },
  "cfm:recipes/decorations/oak_kitchen_sink_dark": {
    "criteria": {
      "has_bucket": "2024-05-14 16:08:53 +0000"
    },
    "done": true
  },
  "cfm:recipes/decorations/white_kitchen_sink": {
    "criteria": {
      "has_bucket": "2024-05-14 16:08:53 +0000"
    },
    "done": true
  },
  "cfm:recipes/decorations/fridge_light": {
    "criteria": {
      "has_iron": "2024-05-14 16:06:42 +0000"
    },
    "done": true
  },
  "minecraft:recipes/combat/golden_chestplate": {
    "criteria": {
      "has_gold_ingot": "2024-05-14 16:06:50 +0000"
    },
    "done": true
  },
  "biomesoplenty:recipes/transportation/umbran_boat": {
    "criteria": {
      "in_water": "2024-05-14 16:02:49 +0000"
    },
    "done": true
  },
  "minecraft:recipes/building_blocks/iron_block": {
    "criteria": {
      "has_iron_ingot": "2024-05-14 16:06:42 +0000"
    },
    "done": true
  },
  "iceandfire:recipes/misc/dragon_flute": {
    "criteria": {
      "has_item": "2024-05-14 16:01:48 +0000"
    },
    "done": true
  },
  "cfm:recipes/decorations/cyan_kitchen_drawer": {
    "criteria": {
      "has_chest": "2024-05-14 16:58:24 +0000"
    },
    "done": true
  },
  "iceandfire:recipes/misc/ghost_chest": {
    "criteria": {
      "has_item": "2024-05-14 17:21:32 +0000"
    },
    "done": true
  },
  "minecraft:recipes/redstone/tripwire_hook": {
    "criteria": {
      "has_string": "2024-05-14 16:47:07 +0000"
    },
    "done": true
  },
  "mcwtrpdoors:recipes/acacia/acacia_barn_trapdoor": {
    "criteria": {
      "has_logs": "2024-05-14 16:21:22 +0000"
    },
    "done": true
  },
  "minecraft:recipes/building_blocks/stone": {
    "criteria": {
      "has_cobblestone": "2024-05-14 16:53:37 +0000"
    },
    "done": true
  },
  "minecraft:recipes/transportation/bamboo_raft": {
    "criteria": {
      "in_water": "2024-05-14 16:02:49 +0000"
    },
    "done": true
  },
  "mcwtrpdoors:recipes/acacia/acacia_barred_trapdoor": {
    "criteria": {
      "has_logs": "2024-05-14 16:21:22 +0000"
    },
    "done": true
  },
  "cfm:recipes/decorations/stripped_mangrove_kitchen_drawer": {
    "criteria": {
      "has_chest": "2024-05-14 16:58:24 +0000"
    },
    "done": true
  },
  "minecraft:recipes/building_blocks/acacia_stairs": {
    "criteria": {
      "has_planks": "2024-05-14 16:21:24 +0000"
    },
    "done": true
  },
  "cfm:recipes/decorations/dark_oak_kitchen_sink_light": {
    "criteria": {
      "has_bucket": "2024-05-14 16:08:53 +0000"
    },
    "done": true
  },
  "iceandfire:recipes/combat/deathworm_white_chestplate": {
    "criteria": {
      "has_item": "2024-05-14 17:00:21 +0000"
    },
    "done": true
  },
  "minecraft:recipes/decorations/candle": {
    "criteria": {
      "has_string": "2024-05-14 16:47:07 +0000"
    },
    "done": true
  },
  "minecraft:recipes/food/bread": {
    "criteria": {
      "has_wheat": "2024-05-14 16:21:41 +0000"
    },
    "done": true
  },
  "minecraft:recipes/misc/bone_meal_from_bone_block": {
    "criteria": {
      "has_bone_block": "2024-05-14 17:23:14 +0000"
    },
    "done": true
  },
  "biomesoplenty:recipes/transportation/dead_boat": {
    "criteria": {
      "in_water": "2024-05-14 16:02:49 +0000"
    },
    "done": true
  },
  "cfm:recipes/decorations/blue_trampoline": {
    "criteria": {
      "has_iron": "2024-05-14 16:06:42 +0000"
    },
    "done": true
  },
  "mcwbridges:recipes/acacia_rail_bridge": {
    "criteria": {
      "has_planks": "2024-05-14 16:21:24 +0000"
    },
    "done": true
  },
  "mcwtrpdoors:recipes/acacia/acacia_beach_trapdoor": {
    "criteria": {
      "has_logs": "2024-05-14 16:21:22 +0000"
    },
    "done": true
  },
  "cfm:recipes/decorations/acacia_kitchen_counter": {
    "criteria": {
      "has_log": "2024-05-14 16:21:22 +0000"
    },
    "done": true
  },
  "cfm:recipes/decorations/stripped_oak_kitchen_drawer": {
    "criteria": {
      "has_chest": "2024-05-14 16:58:24 +0000"
    },
    "done": true
  },
  "biomesoplenty:recipes/transportation/magic_boat": {
    "criteria": {
      "in_water": "2024-05-14 16:02:49 +0000"
    },
    "done": true
  },
  "minecraft:recipes/building_blocks/hay_block": {
    "criteria": {
      "has_wheat": "2024-05-14 16:21:41 +0000"
    },
    "done": true
  },
  "minecraft:recipes/misc/leather_horse_armor": {
    "criteria": {
      "has_leather": "2024-05-14 16:05:56 +0000"
    },
    "done": true
  },
  "cfm:recipes/decorations/lime_kitchen_sink": {
    "criteria": {
      "has_bucket": "2024-05-14 16:08:53 +0000"
    },
    "done": true
  },
  "minecraft:recipes/redstone/target": {
    "criteria": {
      "has_hay_block": "2024-05-14 16:02:18 +0000"
    },
    "done": true
  },
  "cyanwarriorswordsredux:recipes/upgrade_sword_beast": {
    "criteria": {
      "has_item": "2024-05-14 16:00:30 +0000"
    },
    "done": true
  },
  "cfm:recipes/decorations/purple_kitchen_sink": {
    "criteria": {
      "has_bucket": "2024-05-14 16:08:53 +0000"
    },
    "done": true
  },
  "minecraft:recipes/redstone/acacia_door": {
    "criteria": {
      "has_planks": "2024-05-14 16:21:24 +0000"
    },
    "done": true
  },
  "cfm:recipes/decorations/acacia_kitchen_sink_light": {
    "criteria": {
      "has_bucket": "2024-05-14 16:08:53 +0000"
    },
    "done": true
  },
  "cfm:recipes/decorations/lime_trampoline": {
    "criteria": {
      "has_iron": "2024-05-14 16:06:42 +0000"
    },
    "done": true
  },
  "cfm:recipes/decorations/stripped_mangrove_mail_box": {
    "criteria": {
      "has_chest": "2024-05-14 16:58:24 +0000"
    },
    "done": true
  },
  "biomesoplenty:recipes/building_blocks/cut_orange_sandstone_slab_from_cut_orange_sandstone_stonecutting": {
    "criteria": {
      "has_cut_orange_sandstone": "2024-05-14 16:53:12 +0000"
    },
    "done": true
  },
  "croptopia:recipes/food/pork_jerky": {
    "criteria": {
      "has_the_recipe": "2024-05-14 17:23:33 +0000"
    },
    "done": true
  },
  "croptopia:recipes/misc/apple_sapling": {
    "criteria": {
      "has_apple": "2024-05-14 16:08:57 +0000"
    },
    "done": true
  },
  "mcwbridges:recipes/iron_bridge_pier": {
    "criteria": {
      "has_planks": "2024-05-14 16:06:42 +0000"
    },
    "done": true
  },
  "cfm:recipes/decorations/stripped_oak_kitchen_sink_dark": {
    "criteria": {
      "has_bucket": "2024-05-14 16:08:53 +0000"
    },
    "done": true
  },
  "cfm:recipes/decorations/black_kitchen_sink": {
    "criteria": {
      "has_bucket": "2024-05-14 16:08:53 +0000"
    },
    "done": true
  },
  "minecraft:recipes/redstone/light_weighted_pressure_plate": {
    "criteria": {
      "has_gold_ingot": "2024-05-14 16:06:50 +0000"
    },
    "done": true
  },
  "cfm:recipes/decorations/stripped_jungle_mail_box": {
    "criteria": {
      "has_chest": "2024-05-14 16:58:24 +0000"
    },
    "done": true
  },
  "cfm:recipes/decorations/acacia_park_bench": {
    "criteria": {
      "has_log": "2024-05-14 16:21:22 +0000"
    },
    "done": true
  },
  "biomesoplenty:recipes/building_blocks/orange_sandstone": {
    "criteria": {
      "has_sand": "2024-05-14 16:52:49 +0000"
    },
    "done": true
  },
  "minecraft:recipes/building_blocks/polished_deepslate_stairs_from_cobbled_deepslate_stonecutting": {
    "criteria": {
      "has_cobbled_deepslate": "2024-05-14 17:13:55 +0000"
    },
    "done": true
  },
  "cfm:recipes/decorations/orange_kitchen_sink": {
    "criteria": {
      "has_bucket": "2024-05-14 16:08:53 +0000"
    },
    "done": true
  },
  "minecraft:recipes/building_blocks/mossy_cobblestone_from_vine": {
    "criteria": {
      "has_vine": "2024-05-14 17:06:20 +0000"
    },
    "done": true
  },
  "tropicraft:recipes/decorations/bamboo_item_frame": {
    "criteria": {
      "has_leather": "2024-05-14 16:05:56 +0000"
    },
    "done": true
  },
  "cyanwarriorswordsredux:recipes/upgrade_sword_wind": {
    "criteria": {
      "has_item": "2024-05-14 16:00:30 +0000"
    },
    "done": true
  },
  "croptopia:recipes/campfire_toast": {
    "criteria": {
      "has_bread": "2024-05-14 16:03:38 +0000"
    },
    "done": true
  },
  "chimes:recipes/decorations/iron_chimes": {
    "criteria": {
      "has_wood_slabs": "2024-05-14 16:06:42 +0000"
    },
    "done": true
  },
  "cfm:recipes/decorations/gray_kitchen_sink": {
    "criteria": {
      "has_bucket": "2024-05-14 16:08:53 +0000"
    },
    "done": true
  },
  "iceandfire:iceandfire/root": {
    "criteria": {
      "tick": "2024-05-14 16:00:28 +0000"
    },
    "done": true
  },
  "minecraft:recipes/misc/flower_banner_pattern": {
    "criteria": {
      "has_oxeye_daisy": "2024-05-14 16:09:58 +0000"
    },
    "done": true
  },
  "cfm:recipes/decorations/white_grill": {
    "criteria": {
      "has_iron": "2024-05-14 16:06:42 +0000"
    },
    "done": true
  },
  "framedblocks:recipes/building_blocks/framed_cube": {
    "criteria": {
      "hasPlanks": "2024-05-14 16:21:24 +0000"
    },
    "done": true
  },
  "cyanwarriorswordsredux:recipes/upgrade_sword_light": {
    "criteria": {
      "has_item": "2024-05-14 16:00:30 +0000"
    },
    "done": true
  },
  "minecraft:recipes/redstone/hopper": {
    "criteria": {
      "has_iron_ingot": "2024-05-14 16:06:42 +0000"
    },
    "done": true
  },
  "cfm:recipes/decorations/yellow_trampoline": {
    "criteria": {
      "has_iron": "2024-05-14 16:06:42 +0000"
    },
    "done": true
  },
  "iceandfire:recipes/misc/nest": {
    "criteria": {
      "has_item": "2024-05-14 16:01:48 +0000"
    },
    "done": true
  },
  "cfm:recipes/decorations/stripped_oak_mail_box": {
    "criteria": {
      "has_chest": "2024-05-14 16:58:24 +0000"
    },
    "done": true
  },
  "iceandfire:recipes/combat/deathworm_red_leggings": {
    "criteria": {
      "has_item": "2024-05-14 16:10:20 +0000"
    },
    "done": true
  },
  "cyanwarriorswordsredux:recipes/craft_thunder_essence": {
    "criteria": {
      "has_item": "2024-05-14 16:00:30 +0000"
    },
    "done": true
  },
  "minecraft:recipes/decorations/deepslate_brick_wall_from_cobbled_deepslate_stonecutting": {
    "criteria": {
      "has_cobbled_deepslate": "2024-05-14 17:13:55 +0000"
    },
    "done": true
  },
  "cfm:recipes/decorations/stripped_acacia_bedside_cabinet": {
    "criteria": {
      "has_planks": "2024-05-14 16:21:22 +0000"
    },
    "done": true
  },
  "cfm:recipes/decorations/acacia_kitchen_drawer": {
    "criteria": {
      "has_log": "2024-05-14 16:21:22 +0000"
    },
    "done": true
  },
  "cfm:recipes/decorations/stripped_spruce_kitchen_sink_light": {
    "criteria": {
      "has_bucket": "2024-05-14 16:08:53 +0000"
    },
    "done": true
  },
  "minecraft:story/lava_bucket": {
    "criteria": {
      "lava_bucket": "2024-05-14 17:04:02 +0000"
    },
    "done": true
  },
  "mcwroofs:recipes/acacia_planks": {
    "criteria": {
      "has_planks": "2024-05-14 16:21:24 +0000"
    },
    "done": true
  },
  "cyanwarriorswordsredux:recipes/craft_beast_essence": {
    "criteria": {
      "has_item": "2024-05-14 16:00:30 +0000"
    },
    "done": true
  },
  "cfm:recipes/decorations/blue_kitchen_sink": {
    "criteria": {
      "has_bucket": "2024-05-14 16:08:53 +0000"
    },
    "done": true
  },
  "minecraft:recipes/building_blocks/polished_deepslate_from_cobbled_deepslate_stonecutting": {
    "criteria": {
      "has_cobbled_deepslate": "2024-05-14 17:13:55 +0000"
    },
    "done": true
  },
  "cfm:recipes/decorations/cyan_cooler": {
    "criteria": {
      "has_chest": "2024-05-14 16:58:24 +0000"
    },
    "done": true
  },
  "sophisticatedbackpacks:recipes/misc/backpack": {
    "criteria": {
      "has_leather": "2024-05-14 16:05:56 +0000"
    },
    "done": true
  },
  "minecraft:recipes/food/cooked_beef_from_smoking": {
    "criteria": {
      "has_beef": "2024-05-14 17:23:33 +0000"
    },
    "done": true
  },
  "cfm:recipes/decorations/orange_trampoline": {
    "criteria": {
      "has_iron": "2024-05-14 16:06:42 +0000"
    },
    "done": true
  },
  "cfm:recipes/decorations/stripped_acacia_coffee_table": {
    "criteria": {
      "has_planks": "2024-05-14 16:21:22 +0000"
    },
    "done": true
  },
  "iceandfire:recipes/combat/deathworm_white_boots": {
    "criteria": {
      "has_item": "2024-05-14 17:00:21 +0000"
    },
    "done": true
  },
  "cfm:recipes/decorations/acacia_blinds": {
    "criteria": {
      "has_log": "2024-05-14 16:21:22 +0000"
    },
    "done": true
  },
  "mca:recipes/misc/comb": {
    "criteria": {
      "has_item": "2024-05-14 16:06:42 +0000"
    },
    "done": true
  },
  "minecraft:recipes/combat/iron_boots": {
    "criteria": {
      "has_iron_ingot": "2024-05-14 16:06:42 +0000"
    },
    "done": true
  },
  "iceandfire:recipes/combat/dragonbone_bow": {
    "criteria": {
      "has_item": "2024-05-14 16:01:48 +0000"
    },
    "done": true
  },
  "croptopia:recipes/misc/frying_pan": {
    "criteria": {
      "has_iron": "2024-05-14 16:06:42 +0000"
    },
    "done": true
  },
  "minecraft:recipes/tools/stone_pickaxe": {
    "criteria": {
      "has_cobblestone": "2024-05-14 16:53:37 +0000"
    },
    "done": true
  },
  "cfm:recipes/decorations/spruce_kitchen_sink_dark": {
    "criteria": {
      "has_bucket": "2024-05-14 16:08:53 +0000"
    },
    "done": true
  },
  "minecraft:recipes/decorations/acacia_sign": {
    "criteria": {
      "has_planks": "2024-05-14 16:21:24 +0000"
    },
    "done": true
  },
  "dungeons_arise:wda_root": {
    "criteria": {
      "WDA": "2024-05-14 16:00:28 +0000"
    },
    "done": true
  },
  "minecraft:recipes/decorations/lantern": {
    "criteria": {
      "has_iron_ingot": "2024-05-14 16:06:42 +0000"
    },
    "done": true
  },
  "iceandfire:recipes/combat/deathworm_red_helmet": {
    "criteria": {
      "has_item": "2024-05-14 16:10:20 +0000"
    },
    "done": true
  },
  "cfm:recipes/decorations/crimson_mail_box": {
    "criteria": {
      "has_chest": "2024-05-14 16:58:24 +0000"
    },
    "done": true
  },
  "minecraft:recipes/building_blocks/cobbled_deepslate_slab_from_cobbled_deepslate_stonecutting": {
    "criteria": {
      "has_cobbled_deepslate": "2024-05-14 17:13:55 +0000"
    },
    "done": true
  },
  "cfm:recipes/decorations/mangrove_kitchen_sink_light": {
    "criteria": {
      "has_bucket": "2024-05-14 16:08:53 +0000"
    },
    "done": true
  },
  "tropicraft:recipes/building_blocks/mohogany_wood": {
    "criteria": {
      "has_log": "2024-05-14 16:21:22 +0000"
    },
    "done": true
  },
  "iceandfire:iceandfire/bestiary": {
    "criteria": {
      "bestiary": "2024-05-14 16:01:58 +0000"
    },
    "done": true
  },
  "minecraft:recipes/decorations/campfire": {
    "criteria": {
      "has_stick": "2024-05-14 16:43:22 +0000"
    },
    "done": true
  },
  "minecraft:recipes/building_blocks/deepslate_tile_slab_from_cobbled_deepslate_stonecutting": {
    "criteria": {
      "has_cobbled_deepslate": "2024-05-14 17:13:55 +0000"
    },
    "done": true
  },
  "cfm:recipes/decorations/gray_grill": {
    "criteria": {
      "has_iron": "2024-05-14 16:06:42 +0000"
    },
    "done": true
  },
  "cfm:recipes/decorations/red_kitchen_drawer": {
    "criteria": {
      "has_chest": "2024-05-14 16:58:24 +0000"
    },
    "done": true
  },
  "cfm:recipes/decorations/pink_kitchen_sink": {
    "criteria": {
      "has_bucket": "2024-05-14 16:08:53 +0000"
    },
    "done": true
  },
  "minecraft:recipes/tools/wooden_hoe": {
    "criteria": {
      "has_stick": "2024-05-14 16:43:22 +0000"
    },
    "done": true
  },
  "cfm:recipes/decorations/red_trampoline": {
    "criteria": {
      "has_iron": "2024-05-14 16:06:42 +0000"
    },
    "done": true
  },
  "cfm:recipes/decorations/stripped_acacia_kitchen_sink_dark": {
    "criteria": {
      "has_bucket": "2024-05-14 16:08:53 +0000"
    },
    "done": true
  },
  "cfm:recipes/decorations/jungle_kitchen_drawer": {
    "criteria": {
      "has_chest": "2024-05-14 16:58:24 +0000"
    },
    "done": true
  },
  "minecraft:recipes/misc/charcoal": {
    "criteria": {
      "has_log": "2024-05-14 16:21:22 +0000"
    },
    "done": true
  },
  "minecraft:recipes/tools/iron_shovel": {
    "criteria": {
      "has_iron_ingot": "2024-05-14 16:06:42 +0000"
    },
    "done": true
  },
  "cfm:recipes/decorations/mangrove_kitchen_sink_dark": {
    "criteria": {
      "has_bucket": "2024-05-14 16:08:53 +0000"
    },
    "done": true
  },
  "minecraft:recipes/food/cooked_salmon_from_campfire_cooking": {
    "criteria": {
      "has_salmon": "2024-05-14 16:08:59 +0000"
    },
    "done": true
  },
  "cfm:recipes/decorations/red_cooler": {
    "criteria": {
      "has_chest": "2024-05-14 16:58:24 +0000"
    },
    "done": true
  },
  "minecraft:recipes/decorations/item_frame": {
    "criteria": {
      "has_leather": "2024-05-14 16:05:56 +0000"
    },
    "done": true
  },
  "cfm:recipes/decorations/stripped_dark_oak_kitchen_drawer": {
    "criteria": {
      "has_chest": "2024-05-14 16:58:24 +0000"
    },
    "done": true
  },
  "biomesoplenty:recipes/decorations/orange_sandstone_wall_from_orange_sandstone_stonecutting": {
    "criteria": {
      "has_orange_sandstone": "2024-05-14 16:53:12 +0000"
    },
    "done": true
  },
  "iceandfire:recipes/building_blocks/dragon_bone_block": {
    "criteria": {
      "has_dragonbone": "2024-05-14 16:01:48 +0000"
    },
    "done": true
  },
  "cfm:recipes/decorations/stripped_acacia_kitchen_sink_light": {
    "criteria": {
      "has_bucket": "2024-05-14 16:08:53 +0000"
    },
    "done": true
  },
  "cyanwarriorswordsredux:recipes/craft_water_essence": {
    "criteria": {
      "has_item": "2024-05-14 16:00:30 +0000"
    },
    "done": true
  },
  "cfm:recipes/decorations/crimson_kitchen_drawer": {
    "criteria": {
      "has_chest": "2024-05-14 16:58:24 +0000"
    },
    "done": true
  },
  "cfm:recipes/decorations/magenta_grill": {
    "criteria": {
      "has_iron": "2024-05-14 16:06:42 +0000"
    },
    "done": true
  },
  "advancednetherite:recipes/misc/netherite_gold_ingot": {
    "criteria": {
      "has_TagKey[minecraft:item / forge:ingots/gold]": "2024-05-14 16:06:50 +0000"
    },
    "done": true
  },
  "cyanwarriorswordsredux:recipes/craft_dark_essence": {
    "criteria": {
      "has_item": "2024-05-14 16:00:30 +0000"
    },
    "done": true
  },
  "cfm:recipes/decorations/acacia_mail_box": {
    "criteria": {
      "has_chest": "2024-05-14 16:58:24 +0000"
    },
    "done": true
  },
  "biomesoplenty:biomesoplenty/root": {
    "criteria": {
      "dryland": "2024-05-14 16:01:31 +0000"
    },
    "done": true
  },
  "cfm:recipes/decorations/pink_grill": {
    "criteria": {
      "has_iron": "2024-05-14 16:06:42 +0000"
    },
    "done": true
  },
  "cfm:recipes/decorations/pink_cooler": {
    "criteria": {
      "has_chest": "2024-05-14 16:58:24 +0000"
    },
    "done": true
  },
  "cyanwarriorswordsredux:recipes/craft_mixed_essence": {
    "criteria": {
      "has_item": "2024-05-14 16:00:30 +0000"
    },
    "done": true
  },
  "minecraft:recipes/building_blocks/melon": {
    "criteria": {
      "has_melon": "2024-05-14 16:06:48 +0000"
    },
    "done": true
  },
  "mcwtrpdoors:recipes/metal/metal_full_trapdoor": {
    "criteria": {
      "has_logs": "2024-05-14 16:06:42 +0000"
    },
    "done": true
  },
  "cfm:recipes/decorations/gray_trampoline": {
    "criteria": {
      "has_iron": "2024-05-14 16:06:42 +0000"
    },
    "done": true
  },
  "mcwtrpdoors:recipes/acacia/acacia_paper_trapdoor": {
    "criteria": {
      "has_logs": "2024-05-14 16:21:22 +0000"
    },
    "done": true
  },
  "cfm:recipes/decorations/birch_kitchen_sink_light": {
    "criteria": {
      "has_bucket": "2024-05-14 16:08:53 +0000"
    },
    "done": true
  },
  "cfm:recipes/decorations/brown_trampoline": {
    "criteria": {
      "has_iron": "2024-05-14 16:06:42 +0000"
    },
    "done": true
  },
  "cfm:recipes/decorations/acacia_desk_cabinet": {
    "criteria": {
      "has_log": "2024-05-14 16:21:22 +0000"
    },
    "done": true
  },
  "minecraft:recipes/combat/golden_sword": {
    "criteria": {
      "has_gold_ingot": "2024-05-14 16:06:50 +0000"
    },
    "done": true
  },
  "minecraft:recipes/tools/wooden_shovel": {
    "criteria": {
      "has_stick": "2024-05-14 16:43:22 +0000"
    },
    "done": true
  },
  "croptopia:gather_all": {
    "criteria": {
      "olive_seed": "2024-05-14 17:29:21 +0000"
    },
    "done": false
  },
  "cfm:recipes/decorations/stripped_acacia_desk_cabinet": {
    "criteria": {
      "has_planks": "2024-05-14 16:21:22 +0000"
    },
    "done": true
  },
  "cfm:recipes/decorations/acacia_bedside_cabinet": {
    "criteria": {
      "has_log": "2024-05-14 16:21:22 +0000"
    },
    "done": true
  },
  "minecraft:recipes/building_blocks/cobblestone_slab": {
    "criteria": {
      "has_cobblestone": "2024-05-14 16:53:37 +0000"
    },
    "done": true
  },
  "cfm:recipes/decorations/black_grill": {
    "criteria": {
      "has_iron": "2024-05-14 16:06:42 +0000"
    },
    "done": true
  },
  "mcwbridges:recipes/iron_bridge": {
    "criteria": {
      "has_planks": "2024-05-14 16:06:42 +0000"
    },
    "done": true
  },
  "cfm:recipes/decorations/jungle_mail_box": {
    "criteria": {
      "has_chest": "2024-05-14 16:58:24 +0000"
    },
    "done": true
  },
  "minecraft:recipes/building_blocks/gold_block": {
    "criteria": {
      "has_gold_ingot": "2024-05-14 16:06:50 +0000"
    },
    "done": true
  },
  "minecraft:recipes/brewing/cauldron": {
    "criteria": {
      "has_water_bucket": "2024-05-14 16:58:14 +0000"
    },
    "done": true
  },
  "cfm:recipes/decorations/stripped_acacia_cabinet": {
    "criteria": {
      "has_log": "2024-05-14 16:21:22 +0000"
    },
    "done": true
  },
  "minecraft:recipes/transportation/acacia_boat": {
    "criteria": {
      "in_water": "2024-05-14 16:02:49 +0000"
    },
    "done": true
  },
  "minecraft:recipes/redstone/iron_trapdoor": {
    "criteria": {
      "has_iron_ingot": "2024-05-14 16:06:42 +0000"
    },
    "done": true
  },
  "cfm:recipes/decorations/green_cooler": {
    "criteria": {
      "has_chest": "2024-05-14 16:58:24 +0000"
    },
    "done": true
  },
  "minecraft:adventure/root": {
    "criteria": {
      "killed_by_something": "2024-05-14 16:08:33 +0000"
    },
    "done": true
  },
  "tropicraft:recipes/building_blocks/papaya_wood": {
    "criteria": {
      "has_log": "2024-05-14 16:21:22 +0000"
    },
    "done": true
  },
  "cfm:recipes/decorations/stripped_crimson_mail_box": {
    "criteria": {
      "has_chest": "2024-05-14 16:58:24 +0000"
    },
    "done": true
  },
  "mca:root": {
    "criteria": {
      "village_taiga": "2024-05-14 16:00:30 +0000",
      "village_savanna": "2024-05-14 16:00:30 +0000",
      "village_snowy": "2024-05-14 16:00:30 +0000",
      "village_desert": "2024-05-14 16:00:30 +0000",
      "village_plains": "2024-05-14 16:00:30 +0000"
    },
    "done": true
  },
  "iceandfire:recipes/tools/dragonbone_hoe": {
    "criteria": {
      "has_item": "2024-05-14 16:01:48 +0000"
    },
    "done": true
  },
  "croptopia:getseeds": {
    "criteria": {
      "has_seeds": "2024-05-14 17:29:21 +0000"
    },
    "done": true
  },
  "mca:recipes/building_blocks/headstones": {
    "criteria": {
      "has_ingredients": "2024-05-14 16:53:37 +0000"
    },
    "done": true
  },
  "cfm:recipes/decorations/stripped_acacia_crate": {
    "criteria": {
      "has_planks": "2024-05-14 16:21:22 +0000"
    },
    "done": true
  },
  "croptopia:recipes/hamburger": {
    "criteria": {
      "has_beef": "2024-05-14 17:23:33 +0000"
    },
    "done": true
  },
  "minecraft:recipes/decorations/deepslate_tile_wall_from_cobbled_deepslate_stonecutting": {
    "criteria": {
      "has_cobbled_deepslate": "2024-05-14 17:13:55 +0000"
    },
    "done": true
  },
  "minecraft:recipes/misc/iron_ingot_from_blasting_raw_iron": {
    "criteria": {
      "has_raw_iron": "2024-05-14 17:03:31 +0000"
    },
    "done": true
  },
  "biomesoplenty:recipes/building_blocks/chiseled_orange_sandstone": {
    "criteria": {
      "has_orange_sandstone": "2024-05-14 16:53:12 +0000"
    },
    "done": true
  },
  "minecraft:recipes/building_blocks/acacia_wood": {
    "criteria": {
      "has_log": "2024-05-14 16:21:22 +0000"
    },
    "done": true
  },
  "minecraft:recipes/food/cooked_salmon_from_grill_cooking": {
    "criteria": {
      "has_salmon": "2024-05-14 16:08:59 +0000"
    },
    "done": true
  },
  "minecraft:recipes/combat/wooden_sword": {
    "criteria": {
      "has_stick": "2024-05-14 16:43:22 +0000"
    },
    "done": true
  },
  "cfm:recipes/decorations/purple_kitchen_drawer": {
    "criteria": {
      "has_chest": "2024-05-14 16:58:24 +0000"
    },
    "done": true
  },
  "cyanwarriorswordsredux:recipes/upgrade_sword_earth": {
    "criteria": {
      "has_item": "2024-05-14 16:00:30 +0000"
    },
    "done": true
  },
  "cfm:recipes/decorations/green_kitchen_drawer": {
    "criteria": {
      "has_chest": "2024-05-14 16:58:24 +0000"
    },
    "done": true
  },
  "croptopia:recipes/misc/knife": {
    "criteria": {
      "has_iron": "2024-05-14 16:06:42 +0000"
    },
    "done": true
  },
  "mca:recipes/misc/bouquet": {
    "criteria": {
      "has_item": "2024-05-14 16:09:58 +0000"
    },
    "done": true
  },
  "cfm:recipes/decorations/blue_kitchen_drawer": {
    "criteria": {
      "has_chest": "2024-05-14 16:58:24 +0000"
    },
    "done": true
  },
  "minecraft:recipes/combat/crossbow": {
    "criteria": {
      "has_iron_ingot": "2024-05-14 16:06:42 +0000"
    },
    "done": true
  },
  "cyanwarriorswordsredux:recipes/craft_meteothu_meteo": {
    "criteria": {
      "has_item": "2024-05-14 16:00:30 +0000"
    },
    "done": true
  },
  "cfm:recipes/decorations/light_blue_trampoline": {
    "criteria": {
      "has_iron": "2024-05-14 16:06:42 +0000"
    },
    "done": true
  },
  "minecraft:recipes/decorations/barrel": {
    "criteria": {
      "has_planks": "2024-05-14 16:21:24 +0000"
    },
    "done": true
  },
  "minecraft:recipes/combat/leather_boots": {
    "criteria": {
      "has_leather": "2024-05-14 16:05:56 +0000"
    },
    "done": true
  },
  "minecraft:recipes/decorations/cobblestone_wall_from_cobblestone_stonecutting": {
    "criteria": {
      "has_cobblestone": "2024-05-14 16:53:37 +0000"
    },
    "done": true
  },
  "mcwtrpdoors:recipes/acacia/acacia_swamp_trapdoor": {
    "criteria": {
      "has_logs": "2024-05-14 16:21:22 +0000"
    },
    "done": true
  },
  "cfm:recipes/decorations/yellow_kitchen_sink": {
    "criteria": {
      "has_bucket": "2024-05-14 16:08:53 +0000"
    },
    "done": true
  },
  "cfm:recipes/decorations/lime_cooler": {
    "criteria": {
      "has_chest": "2024-05-14 16:58:24 +0000"
    },
    "done": true
  },
  "tropicraft:recipes/tools/water_wand": {
    "criteria": {
      "has_gold_ingot": "2024-05-14 16:06:50 +0000"
    },
    "done": true
  },
  "cyanwarriorswordsredux:recipes/craft_triender_thunder": {
    "criteria": {
      "has_item": "2024-05-14 16:00:30 +0000"
    },
    "done": true
  },
  "cfm:recipes/decorations/birch_kitchen_sink_dark": {
    "criteria": {
      "has_bucket": "2024-05-14 16:08:53 +0000"
    },
    "done": true
  },
  "cfm:recipes/decorations/white_kitchen_drawer": {
    "criteria": {
      "has_chest": "2024-05-14 16:58:24 +0000"
    },
    "done": true
  },
  "minecraft:recipes/building_blocks/cobblestone_stairs": {
    "criteria": {
      "has_cobblestone": "2024-05-14 16:53:37 +0000"
    },
    "done": true
  },
  "croptopia:recipes/flour": {
    "criteria": {
      "has_grain": "2024-05-14 16:21:41 +0000"
    },
    "done": true
  },
  "minecraft:recipes/combat/spectral_arrow": {
    "criteria": {
      "has_glowstone_dust": "2024-05-14 17:12:15 +0000"
    },
    "done": true
  },
  "cfm:recipes/decorations/stripped_crimson_kitchen_drawer": {
    "criteria": {
      "has_chest": "2024-05-14 16:58:24 +0000"
    },
    "done": true
  },
  "cyanwarriorswordsredux:recipes/upgrade_sword_thunder": {
    "criteria": {
      "has_item": "2024-05-14 16:00:30 +0000"
    },
    "done": true
  },
  "cfm:recipes/decorations/warped_mail_box": {
    "criteria": {
      "has_chest": "2024-05-14 16:58:24 +0000"
    },
    "done": true
  },
  "mcwroofs:recipes/cobblestone": {
    "criteria": {
      "has_planks": "2024-05-14 16:53:37 +0000"
    },
    "done": true
  },
  "minecraft:recipes/tools/stone_shovel": {
    "criteria": {
      "has_cobblestone": "2024-05-14 16:53:37 +0000"
    },
    "done": true
  },
  "minecraft:recipes/misc/ice_from_freezing": {
    "criteria": {
      "has_water": "2024-05-14 16:58:14 +0000"
    },
    "done": true
  },
  "croptopia:recipes/food/toast_from_bread": {
    "criteria": {
      "has_bread": "2024-05-14 16:03:38 +0000"
    },
    "done": true
  },
  "minecraft:recipes/food/cooked_beef": {
    "criteria": {
      "has_beef": "2024-05-14 17:23:33 +0000"
    },
    "done": true
  },
  "croptopia:recipes/misc/melon_juice": {
    "criteria": {
      "has_melon": "2024-05-14 16:06:48 +0000"
    },
    "done": true
  },
  "minecraft:recipes/transportation/jungle_boat": {
    "criteria": {
      "in_water": "2024-05-14 16:02:49 +0000"
    },
    "done": true
  },
  "cfm:recipes/decorations/cyan_kitchen_sink": {
    "criteria": {
      "has_bucket": "2024-05-14 16:08:53 +0000"
    },
    "done": true
  },
  "cfm:recipes/decorations/door_mat": {
    "criteria": {
      "has_wheat": "2024-05-14 16:21:41 +0000"
    },
    "done": true
  },
  "minecraft:recipes/redstone/heavy_weighted_pressure_plate": {
    "criteria": {
      "has_iron_ingot": "2024-05-14 16:06:42 +0000"
    },
    "done": true
  },
  "cfm:recipes/decorations/magenta_cooler": {
    "criteria": {
      "has_chest": "2024-05-14 16:58:24 +0000"
    },
    "done": true
  },
  "cyanwarriorswordsredux:recipes/craft_fire_essence": {
    "criteria": {
      "has_item": "2024-05-14 16:00:30 +0000"
    },
    "done": true
  },
  "cfm:recipes/decorations/gray_cooler": {
    "criteria": {
      "has_chest": "2024-05-14 16:58:24 +0000"
    },
    "done": true
  },
  "twilightforest:recipes/transportation/twilight_oak_boat": {
    "criteria": {
      "in_water": "2024-05-14 16:02:49 +0000"
    },
    "done": true
  },
  "minecraft:recipes/redstone/lever": {
    "criteria": {
      "has_cobblestone": "2024-05-14 16:53:37 +0000"
    },
    "done": true
  },
  "cfm:recipes/decorations/green_kitchen_sink": {
    "criteria": {
      "has_bucket": "2024-05-14 16:08:53 +0000"
    },
    "done": true
  },
  "mcwtrpdoors:recipes/acacia/acacia_glass_trapdoor": {
    "criteria": {
      "has_logs": "2024-05-14 16:21:22 +0000"
    },
    "done": true
  },
  "minecraft:recipes/misc/melon_seeds": {
    "criteria": {
      "has_melon": "2024-05-14 16:06:48 +0000"
    },
    "done": true
  },
  "twilightforest:recipes/transportation/time_boat": {
    "criteria": {
      "in_water": "2024-05-14 16:02:49 +0000"
    },
    "done": true
  },
  "tropicraft:recipes/building_blocks/black_mangrove_wood": {
    "criteria": {
      "has_log": "2024-05-14 16:21:22 +0000"
    },
    "done": true
  },
  "minecraft:recipes/combat/iron_leggings": {
    "criteria": {
      "has_iron_ingot": "2024-05-14 16:06:42 +0000"
    },
    "done": true
  },
  "twilightforest:recipes/transportation/mining_boat": {
    "criteria": {
      "in_water": "2024-05-14 16:02:49 +0000"
    },
    "done": true
  },
  "cfm:recipes/decorations/stripped_dark_oak_kitchen_sink_dark": {
    "criteria": {
      "has_bucket": "2024-05-14 16:08:53 +0000"
    },
    "done": true
  },
  "iceandfire:recipes/misc/dragon_meal": {
    "criteria": {
      "has_item": "2024-05-14 17:23:33 +0000"
    },
    "done": true
  },
  "minecraft:recipes/combat/leather_leggings": {
    "criteria": {
      "has_leather": "2024-05-14 16:05:56 +0000"
    },
    "done": true
  },
  "cfm:recipes/decorations/stripped_jungle_kitchen_drawer": {
    "criteria": {
      "has_chest": "2024-05-14 16:58:24 +0000"
    },
    "done": true
  },
  "cfm:recipes/decorations/yellow_kitchen_drawer": {
    "criteria": {
      "has_chest": "2024-05-14 16:58:24 +0000"
    },
    "done": true
  },
  "iceandfire:recipes/combat/deathworm_white_helmet": {
    "criteria": {
      "has_item": "2024-05-14 17:00:21 +0000"
    },
    "done": true
  },
  "minecraft:recipes/misc/blue_dye": {
    "criteria": {
      "has_lapis_lazuli": "2024-05-14 16:08:45 +0000"
    },
    "done": true
  },
  "cfm:recipes/decorations/stripped_crimson_kitchen_sink_light": {
    "criteria": {
      "has_bucket": "2024-05-14 16:08:53 +0000"
    },
    "done": true
  },
  "minecraft:recipes/redstone/acacia_pressure_plate": {
    "criteria": {
      "has_planks": "2024-05-14 16:21:24 +0000"
    },
    "done": true
  },
  "minecraft:recipes/decorations/yellow_glazed_terracotta": {
    "criteria": {
      "has_yellow_terracotta": "2024-05-14 16:45:27 +0000"
    },
    "done": true
  },
  "cfm:recipes/decorations/stripped_crimson_kitchen_sink_dark": {
    "criteria": {
      "has_bucket": "2024-05-14 16:08:53 +0000"
    },
    "done": true
  },
  "iceandfire:recipes/combat/deathworm_white_leggings": {
    "criteria": {
      "has_item": "2024-05-14 17:00:21 +0000"
    },
    "done": true
  },
  "croptopia:recipes/stuffed_poblanos": {
    "criteria": {
      "has_beef": "2024-05-14 17:23:33 +0000"
    },
    "done": true
  },
  "minecraft:recipes/combat/iron_chestplate": {
    "criteria": {
      "has_iron_ingot": "2024-05-14 16:06:42 +0000"
    },
    "done": true
  },
  "biomesoplenty:recipes/building_blocks/cut_orange_sandstone_from_orange_sandstone_stonecutting": {
    "criteria": {
      "has_orange_sandstone": "2024-05-14 16:53:12 +0000"
    },
    "done": true
  },
  "cfm:recipes/decorations/birch_kitchen_drawer": {
    "criteria": {
      "has_chest": "2024-05-14 16:58:24 +0000"
    },
    "done": true
  },
  "minecraft:recipes/building_blocks/deepslate_brick_stairs_from_cobbled_deepslate_stonecutting": {
    "criteria": {
      "has_cobbled_deepslate": "2024-05-14 17:13:55 +0000"
    },
    "done": true
  },
  "minecraft:recipes/misc/book": {
    "criteria": {
      "has_paper": "2024-05-14 16:01:50 +0000"
    },
    "done": true
  },
  "minecraft:recipes/combat/stone_sword": {
    "criteria": {
      "has_cobblestone": "2024-05-14 16:53:37 +0000"
    },
    "done": true
  },
  "minecraft:recipes/decorations/cobblestone_wall": {
    "criteria": {
      "has_cobblestone": "2024-05-14 16:53:37 +0000"
    },
    "done": true
  },
  "iceandfire:recipes/misc/silver_ingot_to_silver_nugget": {
    "criteria": {
      "has_silver_ingot": "2024-05-14 17:21:36 +0000"
    },
    "done": true
  },
  "minecraft:recipes/tools/stone_axe": {
    "criteria": {
      "has_cobblestone": "2024-05-14 16:53:37 +0000"
    },
    "done": true
  },
  "cyanwarriorswordsredux:recipes/from_abilitytotem": {
    "criteria": {
      "has_item": "2024-05-14 16:00:30 +0000"
    },
    "done": true
  },
  "cfm:recipes/decorations/stripped_birch_kitchen_sink_dark": {
    "criteria": {
      "has_bucket": "2024-05-14 16:08:53 +0000"
    },
    "done": true
  },
  "minecraft:recipes/misc/iron_nugget": {
    "criteria": {
      "has_iron_ingot": "2024-05-14 16:06:42 +0000"
    },
    "done": true
  },
  "cfm:recipes/decorations/light_gray_grill": {
    "criteria": {
      "has_iron": "2024-05-14 16:06:42 +0000"
    },
    "done": true
  },
  "cfm:recipes/decorations/green_grill": {
    "criteria": {
      "has_iron": "2024-05-14 16:06:42 +0000"
    },
    "done": true
  },
  "minecraft:recipes/misc/bucket": {
    "criteria": {
      "has_iron_ingot": "2024-05-14 16:06:42 +0000"
    },
    "done": true
  },
  "iceandfire:recipes/misc/blindfold": {
    "criteria": {
      "has_item": "2024-05-14 16:05:56 +0000"
    },
    "done": true
  },
  "minecraft:recipes/building_blocks/glass": {
    "criteria": {
      "has_smelts_to_glass": "2024-05-14 16:52:49 +0000"
    },
    "done": true
  },
  "iceandfire:recipes/tools/dragonbone_shovel": {
    "criteria": {
      "has_item": "2024-05-14 16:01:48 +0000"
    },
    "done": true
  },
  "minecraft:recipes/combat/bow": {
    "criteria": {
      "has_string": "2024-05-14 16:47:07 +0000"
    },
    "done": true
  },
  "minecraft:recipes/building_blocks/acacia_slab": {
    "criteria": {
      "has_planks": "2024-05-14 16:21:24 +0000"
    },
    "done": true
  },
  "minecraft:recipes/transportation/minecart": {
    "criteria": {
      "has_iron_ingot": "2024-05-14 16:06:42 +0000"
    },
    "done": true
  },
  "minecraft:recipes/tools/iron_hoe": {
    "criteria": {
      "has_iron_ingot": "2024-05-14 16:06:42 +0000"
    },
    "done": true
  },
  "cfm:recipes/tools/spatula": {
    "criteria": {
      "has_iron": "2024-05-14 16:06:42 +0000"
    },
    "done": true
  },
  "cyanwarriorswordsredux:recipes/craft_wind_essence": {
    "criteria": {
      "has_item": "2024-05-14 16:00:30 +0000"
    },
    "done": true
  },
  "cfm:recipes/decorations/pink_trampoline": {
    "criteria": {
      "has_iron": "2024-05-14 16:06:42 +0000"
    },
    "done": true
  },
  "tropicraft:recipes/building_blocks/light_mangrove_wood": {
    "criteria": {
      "has_log": "2024-05-14 16:21:22 +0000"
    },
    "done": true
  },
  "mca:recipes/misc/books": {
    "criteria": {
      "has_item": "2024-05-14 16:01:50 +0000"
    },
    "done": true
  },
  "mcwtrpdoors:recipes/acacia/acacia_classic_trapdoor": {
    "criteria": {
      "has_logs": "2024-05-14 16:21:22 +0000"
    },
    "done": true
  },
  "cyanwarriorswordsredux:cyanwarriorswords/not_diamonds": {
    "criteria": {
      "cyan_sword": "2024-05-14 17:32:53 +0000"
    },
    "done": true
  },
  "cfm:recipes/decorations/oak_mail_box": {
    "criteria": {
      "has_chest": "2024-05-14 16:58:24 +0000"
    },
    "done": true
  },
  "minecraft:recipes/combat/golden_helmet": {
    "criteria": {
      "has_gold_ingot": "2024-05-14 16:06:50 +0000"
    },
    "done": true
  },
  "minecraft:recipes/redstone/acacia_trapdoor": {
    "criteria": {
      "has_planks": "2024-05-14 16:21:24 +0000"
    },
    "done": true
  },
  "cfm:recipes/decorations/stripped_dark_oak_kitchen_sink_light": {
    "criteria": {
      "has_bucket": "2024-05-14 16:08:53 +0000"
    },
    "done": true
  },
  "minecraft:recipes/food/cooked_salmon": {
    "criteria": {
      "has_salmon": "2024-05-14 16:08:59 +0000"
    },
    "done": true
  },
  "biomesoplenty:recipes/building_blocks/chiseled_orange_sandstone_from_orange_sandstone_stonecutting": {
    "criteria": {
      "has_orange_sandstone": "2024-05-14 16:53:12 +0000"
    },
    "done": true
  },
  "cfm:recipes/decorations/magenta_kitchen_drawer": {
    "criteria": {
      "has_chest": "2024-05-14 16:58:24 +0000"
    },
    "done": true
  },
  "minecraft:recipes/decorations/glow_item_frame": {
    "criteria": {
      "has_item_frame": "2024-05-14 16:05:56 +0000"
    },
    "done": true
  },
  "twilightforest:recipes/transportation/mangrove_boat": {
    "criteria": {
      "in_water": "2024-05-14 16:02:49 +0000"
    },
    "done": true
  },
  "cfm:recipes/decorations/purple_grill": {
    "criteria": {
      "has_iron": "2024-05-14 16:06:42 +0000"
    },
    "done": true
  },
  "cfm:recipes/decorations/warped_kitchen_sink_dark": {
    "criteria": {
      "has_bucket": "2024-05-14 16:08:53 +0000"
    },
    "done": true
  },
  "croptopia:recipes/misc/apple_pie": {
    "criteria": {
      "has_apple": "2024-05-14 16:08:57 +0000"
    },
    "done": true
  },
  "minecraft:story/smelt_iron": {
    "criteria": {
      "iron": "2024-05-14 16:06:42 +0000"
    },
    "done": true
  },
  "minecraft:recipes/tools/fishing_rod": {
    "criteria": {
      "has_string": "2024-05-14 16:47:07 +0000"
    },
    "done": true
  },
  "cfm:recipes/decorations/stripped_warped_mail_box": {
    "criteria": {
      "has_chest": "2024-05-14 16:58:24 +0000"
    },
    "done": true
  },
  "toolbelt:recipes/pouch": {
    "criteria": {
      "has_leather": "2024-05-14 16:05:56 +0000"
    },
    "done": true
  },
  "minecraft:recipes/building_blocks/chiseled_deepslate_from_cobbled_deepslate_stonecutting": {
    "criteria": {
      "has_cobbled_deepslate": "2024-05-14 17:13:55 +0000"
    },
    "done": true
  },
  "croptopia:recipes/fruit_smoothie": {
    "criteria": {
      "has_fruit": "2024-05-14 16:08:57 +0000"
    },
    "done": true
  },
  "cfm:recipes/decorations/crimson_kitchen_sink_light": {
    "criteria": {
      "has_bucket": "2024-05-14 16:08:53 +0000"
    },
    "done": true
  },
  "cyanwarriorswordsredux:recipes/craft_triender_fire": {
    "criteria": {
      "has_item": "2024-05-14 16:00:30 +0000"
    },
    "done": true
  },
  "cfm:recipes/decorations/purple_cooler": {
    "criteria": {
      "has_chest": "2024-05-14 16:58:24 +0000"
    },
    "done": true
  },
  "minecraft:recipes/building_blocks/emerald_block": {
    "criteria": {
      "has_emerald": "2024-05-14 16:01:49 +0000"
    },
    "done": true
  },
  "cfm:recipes/decorations/dark_oak_kitchen_sink_dark": {
    "criteria": {
      "has_bucket": "2024-05-14 16:08:53 +0000"
    },
    "done": true
  },
  "biomesoplenty:recipes/building_blocks/orange_sandstone_slab_from_orange_sandstone_stonecutting": {
    "criteria": {
      "has_orange_sandstone": "2024-05-14 16:53:12 +0000"
    },
    "done": true
  },
  "croptopia:recipes/cheeseburger": {
    "criteria": {
      "has_bread": "2024-05-14 16:03:38 +0000"
    },
    "done": true
  },
  "cfm:recipes/decorations/stripped_jungle_kitchen_sink_dark": {
    "criteria": {
      "has_bucket": "2024-05-14 16:08:53 +0000"
    },
    "done": true
  },
  "minecraft:recipes/decorations/cobbled_deepslate_wall_from_cobbled_deepslate_stonecutting": {
    "criteria": {
      "has_cobbled_deepslate": "2024-05-14 17:13:55 +0000"
    },
    "done": true
  },
  "biomesoplenty:recipes/transportation/fir_boat": {
    "criteria": {
      "in_water": "2024-05-14 16:02:49 +0000"
    },
    "done": true
  },
  "twilightforest:recipes/transportation/transformation_boat": {
    "criteria": {
      "in_water": "2024-05-14 16:02:49 +0000"
    },
    "done": true
  },
  "iceandfire:recipes/building_blocks/silver_ingot_to_silver_block": {
    "criteria": {
      "has_silver_ingot": "2024-05-14 17:21:36 +0000"
    },
    "done": true
  },
  "biomesoplenty:biomesoplenty/all_biomes": {
    "criteria": {
      "lush_savanna": "2024-05-14 16:52:26 +0000",
      "dryland": "2024-05-14 16:01:31 +0000",
      "wasteland": "2024-05-14 17:28:06 +0000",
      "lush_desert": "2024-05-14 16:50:36 +0000"
    },
    "done": false
  },
  "cfm:recipes/decorations/black_cooler": {
    "criteria": {
      "has_chest": "2024-05-14 16:58:24 +0000"
    },
    "done": true
  },
  "biomesoplenty:recipes/building_blocks/orange_sandstone_stairs_from_orange_sandstone_stonecutting": {
    "criteria": {
      "has_orange_sandstone": "2024-05-14 16:53:12 +0000"
    },
    "done": true
  },
  "minecraft:recipes/decorations/chain": {
    "criteria": {
      "has_iron_ingot": "2024-05-14 16:06:42 +0000"
    },
    "done": true
  },
  "biomesoplenty:recipes/decorations/orange_sandstone_wall": {
    "criteria": {
      "has_orange_sandstone": "2024-05-14 16:53:12 +0000"
    },
    "done": true
  },
  "cyanwarriorswordsredux:recipes/smelt_furnace": {
    "criteria": {
      "has_item": "2024-05-14 16:00:30 +0000"
    },
    "done": true
  },
  "iceandfire:recipes/combat/deathworm_red_chestplate": {
    "criteria": {
      "has_item": "2024-05-14 16:10:20 +0000"
    },
    "done": true
  },
  "minecraft:recipes/misc/bone_meal": {
    "criteria": {
      "has_bone": "2024-05-14 17:00:32 +0000"
    },
    "done": true
  },
  "cfm:recipes/decorations/jungle_kitchen_sink_light": {
    "criteria": {
      "has_bucket": "2024-05-14 16:08:53 +0000"
    },
    "done": true
  },
  "minecraft:recipes/decorations/cobbled_deepslate_wall": {
    "criteria": {
      "has_cobbled_deepslate": "2024-05-14 17:13:55 +0000"
    },
    "done": true
  },
  "minecraft:recipes/decorations/polished_deepslate_wall_from_cobbled_deepslate_stonecutting": {
    "criteria": {
      "has_cobbled_deepslate": "2024-05-14 17:13:55 +0000"
    },
    "done": true
  },
  "mcwtrpdoors:recipes/metal/metal_trapdoor": {
    "criteria": {
      "has_logs": "2024-05-14 16:06:42 +0000"
    },
    "done": true
  },
  "iceandfire:recipes/tools/dragonbone_axe": {
    "criteria": {
      "has_item": "2024-05-14 16:01:48 +0000"
    },
    "done": true
  },
  "iceandfire:recipes/misc/earplugs": {
    "criteria": {
      "has_item": "2024-05-14 16:21:24 +0000"
    },
    "done": true
  },
  "minecraft:recipes/decorations/smithing_table": {
    "criteria": {
      "has_iron_ingot": "2024-05-14 16:06:42 +0000"
    },
    "done": true
  },
  "croptopia:recipes/food/toast_from_smoking_bread": {
    "criteria": {
      "has_bread": "2024-05-14 16:03:38 +0000"
    },
    "done": true
  },
  "cfm:recipes/decorations/light_gray_kitchen_sink": {
    "criteria": {
      "has_bucket": "2024-05-14 16:08:53 +0000"
    },
    "done": true
  },
  "mca:recipes/misc/needle_and_thread": {
    "criteria": {
      "has_item": "2024-05-14 16:06:42 +0000"
    },
    "done": true
  },
  "advancednetherite:recipes/misc/netherite_emerald_ingot": {
    "criteria": {
      "has_TagKey[minecraft:item / forge:gems/emerald]": "2024-05-14 16:01:49 +0000"
    },
    "done": true
  },
  "minecraft:recipes/transportation/spruce_boat": {
    "criteria": {
      "in_water": "2024-05-14 16:02:49 +0000"
    },
    "done": true
  },
  "iceandfire:recipes/misc/bestiary": {
    "criteria": {
      "has_item": "2024-05-14 16:01:47 +0000"
    },
    "done": true
  },
  "cfm:recipes/decorations/stripped_mangrove_kitchen_sink_light": {
    "criteria": {
      "has_bucket": "2024-05-14 16:08:53 +0000"
    },
    "done": true
  },
  "iceandfire:iceandfire/rotten_egg": {
    "criteria": {
      "bestiary": "2024-05-14 16:04:54 +0000"
    },
    "done": true
  },
  "cfm:recipes/decorations/dark_oak_kitchen_drawer": {
    "criteria": {
      "has_chest": "2024-05-14 16:58:24 +0000"
    },
    "done": true
  },
  "mcwroofs:recipes/acacia": {
    "criteria": {
      "has_planks": "2024-05-14 16:21:22 +0000"
    },
    "done": true
  },
  "minecraft:husbandry/root": {
    "criteria": {
      "consumed_item": "2024-05-14 16:06:54 +0000"
    },
    "done": true
  },
  "minecraft:recipes/transportation/birch_boat": {
    "criteria": {
      "in_water": "2024-05-14 16:02:49 +0000"
    },
    "done": true
  },
  "minecraft:recipes/building_blocks/cobbled_deepslate_stairs_from_cobbled_deepslate_stonecutting": {
    "criteria": {
      "has_cobbled_deepslate": "2024-05-14 17:13:55 +0000"
    },
    "done": true
  },
  "minecraft:recipes/building_blocks/deepslate": {
    "criteria": {
      "has_cobbled_deepslate": "2024-05-14 17:13:55 +0000"
    },
    "done": true
  },
  "cfm:recipes/decorations/stripped_acacia_table": {
    "criteria": {
      "has_planks": "2024-05-14 16:21:22 +0000"
    },
    "done": true
  },
  "minecraft:recipes/transportation/oak_boat": {
    "criteria": {
      "in_water": "2024-05-14 16:02:49 +0000"
    },
    "done": true
  },
  "iceandfire:recipes/tools/dragonbone_pickaxe": {
    "criteria": {
      "has_item": "2024-05-14 16:01:48 +0000"
    },
    "done": true
  },
  "biomesoplenty:recipes/transportation/redwood_boat": {
    "criteria": {
      "in_water": "2024-05-14 16:02:49 +0000"
    },
    "done": true
  },
  "minecraft:recipes/redstone/acacia_fence_gate": {
    "criteria": {
      "has_planks": "2024-05-14 16:21:24 +0000"
    },
    "done": true
  },
  "iceandfire:recipes/combat/deathworm_red_boots": {
    "criteria": {
      "has_item": "2024-05-14 16:10:20 +0000"
    },
    "done": true
  },
  "cataclysm:root": {
    "criteria": {
      "custom_test_name": "2024-05-14 16:00:28 +0000"
    },
    "done": true
  },
  "cfm:recipes/decorations/orange_kitchen_drawer": {
    "criteria": {
      "has_chest": "2024-05-14 16:58:24 +0000"
    },
    "done": true
  },
  "mca:recipes/misc/whistle": {
    "criteria": {
      "has_item": "2024-05-14 16:06:42 +0000"
    },
    "done": true
  },
  "mcwtrpdoors:recipes/acacia/acacia_cottage_trapdoor": {
    "criteria": {
      "has_logs": "2024-05-14 16:21:22 +0000"
    },
    "done": true
  },
  "cfm:recipes/decorations/pink_kitchen_drawer": {
    "criteria": {
      "has_chest": "2024-05-14 16:58:24 +0000"
    },
    "done": true
  },
  "cfm:recipes/decorations/light_gray_trampoline": {
    "criteria": {
      "has_iron": "2024-05-14 16:06:42 +0000"
    },
    "done": true
  },
  "cfm:recipes/decorations/stripped_birch_mail_box": {
    "criteria": {
      "has_chest": "2024-05-14 16:58:24 +0000"
    },
    "done": true
  },
  "cfm:recipes/decorations/light_blue_cooler": {
    "criteria": {
      "has_chest": "2024-05-14 16:58:24 +0000"
    },
    "done": true
  },
  "cfm:recipes/decorations/light_blue_kitchen_drawer": {
    "criteria": {
      "has_chest": "2024-05-14 16:58:24 +0000"
    },
    "done": true
  },
  "minecraft:recipes/combat/iron_sword": {
    "criteria": {
      "has_iron_ingot": "2024-05-14 16:06:42 +0000"
    },
    "done": true
  },
  "minecraft:recipes/tools/iron_pickaxe": {
    "criteria": {
      "has_iron_ingot": "2024-05-14 16:06:42 +0000"
    },
    "done": true
  },
  "minecraft:recipes/transportation/mangrove_boat": {
    "criteria": {
      "in_water": "2024-05-14 16:02:49 +0000"
    },
    "done": true
  },
  "minecraft:recipes/decorations/torch": {
    "criteria": {
      "has_stone_pickaxe": "2024-05-14 16:54:03 +0000"
    },
    "done": true
  },
  "biomesoplenty:recipes/building_blocks/orange_sandstone_stairs": {
    "criteria": {
      "has_sandstone": "2024-05-14 16:53:12 +0000"
    },
    "done": true
  },
  "cyanwarriorswordsredux:recipes/upgrade_sword_dark": {
    "criteria": {
      "has_item": "2024-05-14 16:00:30 +0000"
    },
    "done": true
  },
  "minecraft:recipes/combat/shield": {
    "criteria": {
      "has_iron_ingot": "2024-05-14 16:06:42 +0000"
    },
    "done": true
  },
  "mcwtrpdoors:recipes/print_tropical": {
    "criteria": {
      "has_logs": "2024-05-14 16:21:22 +0000"
    },
    "done": true
  },
  "cfm:recipes/decorations/acacia_coffee_table": {
    "criteria": {
      "has_log": "2024-05-14 16:21:22 +0000"
    },
    "done": true
  },
  "minecraft:recipes/decorations/iron_bars": {
    "criteria": {
      "has_iron_ingot": "2024-05-14 16:06:42 +0000"
    },
    "done": true
  },
  "cfm:recipes/decorations/white_trampoline": {
    "criteria": {
      "has_iron": "2024-05-14 16:06:42 +0000"
    },
    "done": true
  },
  "cfm:recipes/decorations/warped_kitchen_sink_light": {
    "criteria": {
      "has_bucket": "2024-05-14 16:08:53 +0000"
    },
    "done": true
  },
  "cfm:recipes/decorations/stripped_birch_kitchen_sink_light": {
    "criteria": {
      "has_bucket": "2024-05-14 16:08:53 +0000"
    },
    "done": true
  },
  "minecraft:recipes/brewing/glistering_melon_slice": {
    "criteria": {
      "has_melon": "2024-05-14 16:06:48 +0000"
    },
    "done": true
  },
  "minecraft:recipes/building_blocks/polished_deepslate_slab_from_cobbled_deepslate_stonecutting": {
    "criteria": {
      "has_cobbled_deepslate": "2024-05-14 17:13:55 +0000"
    },
    "done": true
  },
  "minecraft:recipes/food/cooked_salmon_from_smoking": {
    "criteria": {
      "has_salmon": "2024-05-14 16:08:59 +0000"
    },
    "done": true
  },
  "cfm:recipes/decorations/acacia_upgraded_gate": {
    "criteria": {
      "has_log": "2024-05-14 16:21:22 +0000"
    },
    "done": true
  },
  "mcwtrpdoors:recipes/acacia/acacia_bark_trapdoor": {
    "criteria": {
      "has_logs": "2024-05-14 16:21:22 +0000"
    },
    "done": true
  },
  "cfm:recipes/decorations/post_box": {
    "criteria": {
      "has_iron": "2024-05-14 16:06:42 +0000"
    },
    "done": true
  },
  "cfm:recipes/decorations/stripped_acacia_park_bench": {
    "criteria": {
      "has_log": "2024-05-14 16:21:22 +0000"
    },
    "done": true
  },
  "iceandfire:recipes/combat/frost_troll_leather_helmet": {
    "criteria": {
      "has_item": "2024-05-14 16:05:24 +0000"
    },
    "done": true
  },
  "biomesoplenty:recipes/transportation/hellbark_boat": {
    "criteria": {
      "in_water": "2024-05-14 16:02:49 +0000"
    },
    "done": true
  },
  "minecraft:recipes/brewing/fermented_spider_eye": {
    "criteria": {
      "has_spider_eye": "2024-05-14 16:47:07 +0000"
    },
    "done": true
  },
  "minecraft:recipes/misc/iron_ingot_from_smelting_raw_iron": {
    "criteria": {
      "has_raw_iron": "2024-05-14 17:03:31 +0000"
    },
    "done": true
  },
  "minecraft:recipes/building_blocks/deepslate_brick_slab_from_cobbled_deepslate_stonecutting": {
    "criteria": {
      "has_cobbled_deepslate": "2024-05-14 17:13:55 +0000"
    },
    "done": true
  },
  "tropicraft:recipes/building_blocks/palm_wood": {
    "criteria": {
      "has_log": "2024-05-14 16:21:22 +0000"
    },
    "done": true
  },
  "minecraft:adventure/kill_mob_near_sculk_catalyst": {
    "criteria": {
      "kill_mob_near_sculk_catalyst": "2024-05-14 17:14:05 +0000"
    },
    "done": true
  },
  "biomesoplenty:recipes/transportation/jacaranda_boat": {
    "criteria": {
      "in_water": "2024-05-14 16:02:49 +0000"
    },
    "done": true
  },
  "twilightforest:recipes/transportation/canopy_boat": {
    "criteria": {
      "in_water": "2024-05-14 16:02:49 +0000"
    },
    "done": true
  },
  "biomesoplenty:recipes/transportation/mahogany_boat": {
    "criteria": {
      "in_water": "2024-05-14 16:02:49 +0000"
    },
    "done": true
  },
  "minecraft:recipes/food/cooked_beef_from_grill_cooking": {
    "criteria": {
      "has_beef": "2024-05-14 17:23:33 +0000"
    },
    "done": true
  },
  "cfm:recipes/decorations/light_gray_cooler": {
    "criteria": {
      "has_chest": "2024-05-14 16:58:24 +0000"
    },
    "done": true
  },
  "cfm:recipes/decorations/cyan_trampoline": {
    "criteria": {
      "has_iron": "2024-05-14 16:06:42 +0000"
    },
    "done": true
  },
  "twilightforest:recipes/transportation/dark_boat": {
    "criteria": {
      "in_water": "2024-05-14 16:02:49 +0000"
    },
    "done": true
  },
  "iceandfire:recipes/combat/forest_troll_leather_helmet": {
    "criteria": {
      "has_item": "2024-05-14 16:05:24 +0000"
    },
    "done": true
  },
  "toolbelt:recipes/belt": {
    "criteria": {
      "has_leather": "2024-05-14 16:05:56 +0000"
    },
    "done": true
  },
  "cfm:recipes/decorations/stripped_acacia_kitchen_counter": {
    "criteria": {
      "has_log": "2024-05-14 16:21:22 +0000"
    },
    "done": true
  },
  "minecraft:recipes/tools/wooden_pickaxe": {
    "criteria": {
      "has_stick": "2024-05-14 16:43:22 +0000"
    },
    "done": true
  },
  "minecraft:recipes/building_blocks/cobbled_deepslate_stairs": {
    "criteria": {
      "has_cobbled_deepslate": "2024-05-14 17:13:55 +0000"
    },
    "done": true
  },
  "cfm:recipes/decorations/stripped_acacia_desk": {
    "criteria": {
      "has_planks": "2024-05-14 16:21:22 +0000"
    },
    "done": true
  },
  "minecraft:story/upgrade_tools": {
    "criteria": {
      "stone_pickaxe": "2024-05-14 16:54:03 +0000"
    },
    "done": true
  },
  "biomesoplenty:recipes/transportation/palm_boat": {
    "criteria": {
      "in_water": "2024-05-14 16:02:49 +0000"
    },
    "done": true
  },
  "colossalchests:root": {
    "criteria": {
      "criteria_0": "2024-05-14 16:58:24 +0000"
    },
    "done": true
  },
  "croptopia:recipes/documentation": {
    "criteria": {
      "has_crop": "2024-05-14 16:08:57 +0000"
    },
    "done": true
  },
  "cfm:recipes/decorations/black_kitchen_drawer": {
    "criteria": {
      "has_chest": "2024-05-14 16:58:24 +0000"
    },
    "done": true
  },
  "cyanwarriorswordsredux:recipes/upgrade_sword_water": {
    "criteria": {
      "has_item": "2024-05-14 16:00:30 +0000"
    },
    "done": true
  },
  "sophisticatedbackpacks:recipes/misc/upgrade_base": {
    "criteria": {
      "has_leather": "2024-05-14 16:05:56 +0000"
    },
    "done": true
  },
  "cfm:recipes/decorations/mangrove_kitchen_drawer": {
    "criteria": {
      "has_chest": "2024-05-14 16:58:24 +0000"
    },
    "done": true
  },
  "cfm:recipes/decorations/purple_trampoline": {
    "criteria": {
      "has_iron": "2024-05-14 16:06:42 +0000"
    },
    "done": true
  },
  "cfm:recipes/decorations/crimson_kitchen_sink_dark": {
    "criteria": {
      "has_bucket": "2024-05-14 16:08:53 +0000"
    },
    "done": true
  },
  "ironfurnaces:coal": {
    "criteria": {
      "rainbowcoal": "2024-05-14 16:00:30 +0000"
    },
    "done": true
  },
  "cfm:recipes/decorations/stripped_dark_oak_mail_box": {
    "criteria": {
      "has_chest": "2024-05-14 16:58:24 +0000"
    },
    "done": true
  },
  "cfm:recipes/decorations/stripped_oak_kitchen_sink_light": {
    "criteria": {
      "has_bucket": "2024-05-14 16:08:53 +0000"
    },
    "done": true
  },
  "mcwbridges:recipes/acacia_bridge_pier": {
    "criteria": {
      "has_planks": "2024-05-14 16:21:22 +0000"
    },
    "done": true
  },
  "croptopia:recipes/fruit_salad": {
    "criteria": {
      "has_apple": "2024-05-14 16:08:57 +0000"
    },
    "done": true
  },
  "cfm:recipes/decorations/green_trampoline": {
    "criteria": {
      "has_iron": "2024-05-14 16:06:42 +0000"
    },
    "done": true
  },
  "cfm:recipes/decorations/mangrove_mail_box": {
    "criteria": {
      "has_chest": "2024-05-14 16:58:24 +0000"
    },
    "done": true
  },
  "croptopia:gather_savanna": {
    "criteria": {
      "olive_seed": "2024-05-14 17:29:21 +0000"
    },
    "done": false
  },
  "cfm:recipes/decorations/cyan_grill": {
    "criteria": {
      "has_iron": "2024-05-14 16:06:42 +0000"
    },
    "done": true
  },
  "tropicraft:recipes/building_blocks/stripped_mangrove_wood": {
    "criteria": {
      "has_log": "2024-05-14 16:21:22 +0000"
    },
    "done": true
  },
  "cyanwarriorswordsredux:recipes/craft_light_essence": {
    "criteria": {
      "has_item": "2024-05-14 16:00:30 +0000"
    },
    "done": true
  },
  "minecraft:adventure/avoid_vibration": {
    "criteria": {
      "avoid_vibration": "2024-05-14 17:06:52 +0000"
    },
    "done": true
  },
  "cyanwarriorswordsredux:recipes/craft_meteothu_thu": {
    "criteria": {
      "has_item": "2024-05-14 16:00:30 +0000"
    },
    "done": true
  },
  "croptopia:recipes/shaped_water_bottle": {
    "criteria": {
      "has_water": "2024-05-14 16:58:14 +0000"
    },
    "done": true
  },
  "minecraft:recipes/decorations/acacia_fence": {
    "criteria": {
      "has_planks": "2024-05-14 16:21:24 +0000"
    },
    "done": true
  },
  "cfm:recipes/decorations/yellow_cooler": {
    "criteria": {
      "has_terracotta": "2024-05-14 16:45:27 +0000"
    },
    "done": true
  },
  "cfm:recipes/decorations/spruce_mail_box": {
    "criteria": {
      "has_chest": "2024-05-14 16:58:24 +0000"
    },
    "done": true
  },
  "cfm:recipes/decorations/white_cooler": {
    "criteria": {
      "has_chest": "2024-05-14 16:58:24 +0000"
    },
    "done": true
  },
  "minecraft:recipes/building_blocks/white_wool_from_string": {
    "criteria": {
      "has_string": "2024-05-14 16:47:07 +0000"
    },
    "done": true
  },
  "iceandfire:recipes/tools/dragonbone_sword": {
    "criteria": {
      "has_item": "2024-05-14 16:01:48 +0000"
    },
    "done": true
  },
  "cfm:recipes/decorations/oak_kitchen_sink_light": {
    "criteria": {
      "has_bucket": "2024-05-14 16:08:53 +0000"
    },
    "done": true
  },
  "cfm:recipes/decorations/orange_grill": {
    "criteria": {
      "has_iron": "2024-05-14 16:06:42 +0000"
    },
    "done": true
  },
  "iceandfire:recipes/building_blocks/graveyard_soil": {
    "criteria": {
      "has_item": "2024-05-14 17:21:32 +0000"
    },
    "done": true
  },
  "cfm:recipes/decorations/stripped_spruce_kitchen_drawer": {
    "criteria": {
      "has_chest": "2024-05-14 16:58:24 +0000"
    },
    "done": true
  },
  "minecraft:recipes/tools/iron_axe": {
    "criteria": {
      "has_iron_ingot": "2024-05-14 16:06:42 +0000"
    },
    "done": true
  },
  "minecraft:recipes/building_blocks/glowstone": {
    "criteria": {
      "has_glowstone_dust": "2024-05-14 17:12:15 +0000"
    },
    "done": true
  },
  "cfm:recipes/decorations/acacia_crate": {
    "criteria": {
      "has_log": "2024-05-14 16:21:22 +0000"
    },
    "done": true
  },
  "cfm:recipes/decorations/magenta_trampoline": {
    "criteria": {
      "has_iron": "2024-05-14 16:06:42 +0000"
    },
    "done": true
  },
  "minecraft:recipes/decorations/cartography_table": {
    "criteria": {
      "has_paper": "2024-05-14 16:01:50 +0000"
    },
    "done": true
  },
  "mcwtrpdoors:recipes/acacia/acacia_blossom_trapdoor": {
    "criteria": {
      "has_plankss": "2024-05-14 16:21:24 +0000"
    },
    "done": true
  },
  "artifacts:amateur_archaeologist": {
    "criteria": {
      "find_artifact": "2024-05-14 16:07:24 +0000"
    },
    "done": true
  },
  "spore:spore": {
    "criteria": {
      "requirement": "2024-05-14 16:10:19 +0000"
    },
    "done": true
  },
  "minecraft:adventure/kill_a_mob": {
    "criteria": {
      "minecraft:zombie": "2024-05-14 16:45:47 +0000"
    },
    "done": true
  },
  "minecraft:recipes/building_blocks/deepslate_bricks_from_cobbled_deepslate_stonecutting": {
    "criteria": {
      "has_cobbled_deepslate": "2024-05-14 17:13:55 +0000"
    },
    "done": true
  },
  "minecraft:adventure/adventuring_time": {
    "criteria": {
      "minecraft:eroded_badlands": "2024-05-14 16:45:04 +0000",
      "minecraft:wooded_badlands": "2024-05-14 17:25:40 +0000",
      "minecraft:badlands": "2024-05-14 16:50:06 +0000",
      "minecraft:river": "2024-05-14 16:05:12 +0000",
      "minecraft:stony_shore": "2024-05-14 16:51:10 +0000",
      "minecraft:forest": "2024-05-14 16:00:30 +0000",
      "minecraft:desert": "2024-05-14 17:26:04 +0000",
      "minecraft:warm_ocean": "2024-05-14 16:51:54 +0000",
      "minecraft:deep_dark": "2024-05-14 17:02:39 +0000"
    },
    "done": false
  },
  "iceandfire:iceandfire/kill_ghost": {
    "criteria": {
      "killed_fire_dragon": "2024-05-14 17:21:19 +0000"
    },
    "done": true
  },
  "cyanwarriorswordsredux:recipes/craft_ender_essence": {
    "criteria": {
      "has_item": "2024-05-14 16:00:30 +0000"
    },
    "done": true
  },
  "cfm:recipes/decorations/warped_kitchen_drawer": {
    "criteria": {
      "has_chest": "2024-05-14 16:58:24 +0000"
    },
    "done": true
  },
  "mcwroofs:recipes/thatch": {
    "criteria": {
      "has_planks": "2024-05-14 16:21:41 +0000"
    },
    "done": true
  },
  "minecraft:recipes/misc/light_gray_dye_from_oxeye_daisy": {
    "criteria": {
      "has_oxeye_daisy": "2024-05-14 16:09:58 +0000"
    },
    "done": true
  },
  "cfm:recipes/decorations/spruce_kitchen_drawer": {
    "criteria": {
      "has_chest": "2024-05-14 16:58:24 +0000"
    },
    "done": true
  },
  "cfm:recipes/decorations/stripped_acacia_chair": {
    "criteria": {
      "has_planks": "2024-05-14 16:21:22 +0000"
    },
    "done": true
  },
  "minecraft:recipes/building_blocks/cobblestone_stairs_from_cobblestone_stonecutting": {
    "criteria": {
      "has_cobblestone": "2024-05-14 16:53:37 +0000"
    },
    "done": true
  },
  "minecraft:recipes/misc/wheat": {
    "criteria": {
      "has_hay_block": "2024-05-14 16:02:18 +0000"
    },
    "done": true
  },
  "cfm:recipes/decorations/lime_kitchen_drawer": {
    "criteria": {
      "has_chest": "2024-05-14 16:58:24 +0000"
    },
    "done": true
  },
  "minecraft:recipes/tools/golden_hoe": {
    "criteria": {
      "has_gold_ingot": "2024-05-14 16:06:50 +0000"
    },
    "done": true
  },
  "cyanwarriorswordsredux:recipes/craft_triender_wind": {
    "criteria": {
      "has_item": "2024-05-14 16:00:30 +0000"
    },
    "done": true
  },
  "mcwbridges:recipes/rope_acacia_bridge": {
    "criteria": {
      "has_planks": "2024-05-14 16:21:24 +0000"
    },
    "done": true
  },
  "minecraft:husbandry/balanced_diet": {
    "criteria": {
      "bread": "2024-05-14 16:08:17 +0000",
      "salmon": "2024-05-14 16:47:15 +0000",
      "melon_slice": "2024-05-14 16:06:54 +0000"
    },
    "done": false
  },
  "cfm:recipes/decorations/lime_grill": {
    "criteria": {
      "has_iron": "2024-05-14 16:06:42 +0000"
    },
    "done": true
  },
  "cfm:recipes/decorations/oak_kitchen_drawer": {
    "criteria": {
      "has_chest": "2024-05-14 16:58:24 +0000"
    },
    "done": true
  },
  "minecraft:recipes/building_blocks/deepslate_tiles_from_cobbled_deepslate_stonecutting": {
    "criteria": {
      "has_cobbled_deepslate": "2024-05-14 17:13:55 +0000"
    },
    "done": true
  },
  "cfm:recipes/decorations/stripped_acacia_mail_box": {
    "criteria": {
      "has_chest": "2024-05-14 16:58:24 +0000"
    },
    "done": true
  },
  "cfm:recipes/decorations/stripped_birch_kitchen_drawer": {
    "criteria": {
      "has_chest": "2024-05-14 16:58:24 +0000"
    },
    "done": true
  },
  "twilightforest:recipes/transportation/sorting_boat": {
    "criteria": {
      "in_water": "2024-05-14 16:02:49 +0000"
    },
    "done": true
  },
  "cfm:recipes/decorations/light_blue_kitchen_sink": {
    "criteria": {
      "has_bucket": "2024-05-14 16:08:53 +0000"
    },
    "done": true
  },
  "iceandfire:recipes/misc/dragon_horn": {
    "criteria": {
      "has_item": "2024-05-14 16:01:48 +0000"
    },
    "done": true
  },
  "mcwtrpdoors:recipes/acacia/acacia_four_panel_trapdoor": {
    "criteria": {
      "has_logs": "2024-05-14 16:21:22 +0000"
    },
    "done": true
  },
  "minecraft:recipes/tools/stone_hoe": {
    "criteria": {
      "has_cobblestone": "2024-05-14 16:53:37 +0000"
    },
    "done": true
  },
  "cyanwarriorswordsredux:recipes/upgrade_sword_ender": {
    "criteria": {
      "has_item": "2024-05-14 16:00:30 +0000"
    },
    "done": true
  },
  "advancednetherite:recipes/misc/netherite_iron_ingot": {
    "criteria": {
      "has_TagKey[minecraft:item / forge:ingots/iron]": "2024-05-14 16:06:42 +0000"
    },
    "done": true
  },
  "minecraft:recipes/decorations/loom": {
    "criteria": {
      "has_string": "2024-05-14 16:47:07 +0000"
    },
    "done": true
  },
  "mcwbridges:recipes/pliers": {
    "criteria": {
      "has_planks": "2024-05-14 16:06:42 +0000"
    },
    "done": true
  },
  "cfm:recipes/decorations/red_kitchen_sink": {
    "criteria": {
      "has_bucket": "2024-05-14 16:08:53 +0000"
    },
    "done": true
  },
  "cfm:recipes/decorations/brown_cooler": {
    "criteria": {
      "has_chest": "2024-05-14 16:58:24 +0000"
    },
    "done": true
  },
  "minecraft:story/root": {
    "criteria": {
      "crafting_table": "2024-05-14 16:21:27 +0000"
    },
    "done": true
  },
  "cfm:recipes/decorations/light_gray_kitchen_drawer": {
    "criteria": {
      "has_chest": "2024-05-14 16:58:24 +0000"
    },
    "done": true
  },
  "minecraft:recipes/building_blocks/acacia_planks": {
    "criteria": {
      "has_log": "2024-05-14 16:21:22 +0000"
    },
    "done": true
  },
  "minecraft:recipes/redstone/iron_door": {
    "criteria": {
      "has_iron_ingot": "2024-05-14 16:06:42 +0000"
    },
    "done": true
  },
  "cfm:recipes/decorations/red_grill": {
    "criteria": {
      "has_iron": "2024-05-14 16:06:42 +0000"
    },
    "done": true
  },
  "croptopia:recipes/misc/cooking_pot": {
    "criteria": {
      "has_iron": "2024-05-14 16:06:42 +0000"
    },
    "done": true
  },
  "minecraft:recipes/transportation/dark_oak_boat": {
    "criteria": {
      "in_water": "2024-05-14 16:02:49 +0000"
    },
    "done": true
  },
  "minecraft:recipes/combat/golden_leggings": {
    "criteria": {
      "has_gold_ingot": "2024-05-14 16:06:50 +0000"
    },
    "done": true
  },
  "cfm:recipes/decorations/stripped_spruce_kitchen_sink_dark": {
    "criteria": {
      "has_bucket": "2024-05-14 16:08:53 +0000"
    },
    "done": true
  },
  "cfm:recipes/decorations/stripped_warped_kitchen_drawer": {
    "criteria": {
      "has_chest": "2024-05-14 16:58:24 +0000"
    },
    "done": true
  },
  "minecraft:recipes/food/cooked_beef_from_campfire_cooking": {
    "criteria": {
      "has_beef": "2024-05-14 17:23:33 +0000"
    },
    "done": true
  },
  "cyanwarriorswordsredux:recipes/basic_swords": {
    "criteria": {
      "has_item": "2024-05-14 16:00:30 +0000"
    },
    "done": true
  },
  "DataVersion": 3465
}